FrameIndex,Timestamp,FrameTime_ms,FPS
0,0.000563,3.000000,327.345551
1,0.003563,3.000000,327.345551
2,0.006496,3.000000,327.345551
3,0.009857,3.000000,327.345551
4,0.012603,3.000000,327.345551
5,0.015634,3.000000,327.345551
6,0.018416,3.000000,327.345551
7,0.022220,4.000000,327.345551
8,0.025234,3.000000,327.345551
9,0.027800,3.000000,327.345551
10,0.031041,3.000000,327.345551
11,0.033786,3.000000,327.345551
12,0.037168,3.000000,327.345551
13,0.039934,3.000000,327.345551
14,0.043191,3.000000,327.345551
15,0.046363,3.000000,327.345551
16,0.049132,3.000000,327.345551
17,0.052714,3.000000,327.345551
18,0.055569,3.000000,327.345551
19,0.058779,4.000000,327.345551
20,0.061545,2.000000,327.345551
21,0.064800,4.000000,327.345551
22,0.067579,2.000000,327.345551
23,0.070425,3.000000,327.345551
24,0.073635,3.000000,327.345551
25,0.076447,3.000000,327.345551
26,0.079695,3.000000,327.345551
27,0.082472,3.000000,327.345551
28,0.086211,4.000000,327.345551
29,0.088944,3.000000,327.345551
30,0.092154,3.000000,327.345551
31,0.094974,3.000000,327.345551
32,0.098208,3.000000,327.345551
33,0.101190,3.000000,327.345551
34,0.104119,3.000000,327.345551
35,0.107697,3.000000,327.345551
36,0.110595,3.000000,327.345551
37,0.113773,4.000000,327.345551
38,0.116590,2.000000,327.345551
39,0.120442,4.000000,327.345551
40,0.123541,3.000000,327.345551
41,0.126742,3.000000,327.345551
42,0.129488,3.000000,327.345551
43,0.132383,3.000000,327.345551
44,0.135502,3.000000,327.345551
45,0.138431,3.000000,327.345551
46,0.141531,3.000000,327.345551
47,0.144350,3.000000,327.345551
48,0.147568,3.000000,327.345551
49,0.150717,3.000000,327.345551
50,0.154364,4.000000,327.345551
51,0.157735,3.000000,327.345551
52,0.160510,3.000000,327.345551
53,0.163299,3.000000,327.345551
54,0.166428,3.000000,327.345551
55,0.169442,3.000000,327.345551
56,0.172215,3.000000,327.345551
57,0.175362,3.000000,327.345551
58,0.178345,3.000000,327.345551
59,0.181376,3.000000,327.345551
60,0.184938,3.000000,327.345551
61,0.187789,3.000000,327.345551
62,0.190868,3.000000,327.345551
63,0.193897,3.000000,327.345551
64,0.196920,3.000000,327.345551
65,0.199689,3.000000,327.345551
66,0.203008,3.000000,327.345551
67,0.205752,3.000000,327.345551
68,0.208914,3.000000,327.345551
69,0.211787,3.000000,327.345551
70,0.214641,3.000000,327.345551
71,0.218320,4.000000,327.345551
72,0.221314,3.000000,327.345551
73,0.224598,3.000000,327.345551
74,0.227940,3.000000,327.345551
75,0.231522,3.000000,327.345551
76,0.234514,4.000000,327.345551
77,0.237299,3.000000,327.345551
78,0.240376,2.000000,327.345551
79,0.243315,4.000000,327.345551
80,0.246364,3.000000,327.345551
81,0.249203,3.000000,327.345551
82,0.252443,3.000000,327.345551
83,0.255359,3.000000,327.345551
84,0.258502,3.000000,327.345551
85,0.261273,3.000000,327.345551
86,0.264133,3.000000,327.345551
87,0.267293,3.000000,327.345551
88,0.270225,3.000000,327.345551
89,0.273312,3.000000,327.345551
90,0.276143,3.000000,327.345551
91,0.279361,3.000000,327.345551
92,0.282727,3.000000,327.345551
93,0.285984,3.000000,327.345551
94,0.288731,3.000000,327.345551
95,0.291678,3.000000,327.345551
96,0.294817,3.000000,327.345551
97,0.298068,3.000000,327.345551
98,0.302310,4.000000,327.345551
99,0.305263,4.000000,327.345551
100,0.308302,2.000000,327.345551
101,0.311249,3.000000,327.345551
102,0.313880,3.000000,327.345551
103,0.316462,3.000000,327.345551
104,0.319321,3.000000,327.345551
105,0.322436,3.000000,327.345551
106,0.325284,3.000000,327.345551
107,0.328532,3.000000,326.693481
108,0.331351,3.000000,326.693481
109,0.334275,3.000000,326.693481
110,0.337249,3.000000,326.693481
111,0.340645,3.000000,326.693481
112,0.343319,3.000000,326.693481
113,0.346413,3.000000,326.693481
114,0.349622,3.000000,326.693481
115,0.352333,3.000000,326.693481
116,0.355354,3.000000,326.693481
117,0.358427,3.000000,326.693481
118,0.361279,3.000000,326.693481
119,0.364696,3.000000,326.693481
120,0.367839,3.000000,326.693481
121,0.370803,4.000000,326.693481
122,0.373852,2.000000,326.693481
123,0.377128,4.000000,326.693481
124,0.380333,3.000000,326.693481
125,0.383129,3.000000,326.693481
126,0.385935,3.000000,326.693481
127,0.388805,3.000000,326.693481
128,0.391990,3.000000,326.693481
129,0.394779,3.000000,326.693481
130,0.398042,3.000000,326.693481
131,0.400826,3.000000,326.693481
132,0.404054,3.000000,326.693481
133,0.406911,3.000000,326.693481
134,0.409689,2.000000,326.693481
135,0.413431,4.000000,326.693481
136,0.416303,3.000000,326.693481
137,0.419637,3.000000,326.693481
138,0.422448,3.000000,326.693481
139,0.425635,3.000000,326.693481
140,0.428778,3.000000,326.693481
141,0.431867,4.000000,326.693481
142,0.435439,3.000000,326.693481
143,0.438225,3.000000,326.693481
144,0.441376,3.000000,326.693481
145,0.444537,3.000000,326.693481
146,0.447754,4.000000,326.693481
147,0.450614,2.000000,326.693481
148,0.453771,4.000000,326.693481
149,0.456594,2.000000,326.693481
150,0.459858,4.000000,326.693481
151,0.462595,2.000000,326.693481
152,0.465472,3.000000,326.693481
153,0.468626,3.000000,326.693481
154,0.471521,3.000000,326.693481
155,0.474708,3.000000,326.693481
156,0.478076,4.000000,326.693481
157,0.481321,3.000000,326.693481
158,0.484081,3.000000,326.693481
159,0.487317,3.000000,326.693481
160,0.490128,3.000000,326.693481
161,0.493286,3.000000,326.693481
162,0.496492,3.000000,326.693481
163,0.499365,3.000000,326.693481
164,0.502563,3.000000,326.693481
165,0.505388,3.000000,326.693481
166,0.508583,3.000000,326.693481
167,0.511742,3.000000,326.693481
168,0.514943,4.000000,326.693481
169,0.517757,3.000000,326.693481
170,0.520643,2.000000,326.693481
171,0.523817,4.000000,326.693481
172,0.526616,2.000000,326.693481
173,0.529851,4.000000,326.693481
174,0.532656,2.000000,326.693481
175,0.536072,4.000000,326.693481
176,0.538673,2.000000,326.693481
177,0.541883,4.000000,326.693481
178,0.545313,3.000000,326.693481
179,0.548162,3.000000,326.693481
180,0.551265,3.000000,326.693481
181,0.554081,3.000000,326.693481
182,0.557273,3.000000,326.693481
183,0.560387,3.000000,326.693481
184,0.563222,3.000000,326.693481
185,0.566982,4.000000,326.693481
186,0.570181,3.000000,326.693481
187,0.572999,3.000000,326.693481
188,0.576134,3.000000,326.693481
189,0.579335,3.000000,326.693481
190,0.582166,3.000000,326.693481
191,0.585375,3.000000,326.693481
192,0.588197,3.000000,326.693481
193,0.591423,3.000000,326.693481
194,0.594252,3.000000,326.693481
195,0.597126,3.000000,326.693481
196,0.600306,3.000000,326.693481
197,0.603122,3.000000,326.693481
198,0.606352,3.000000,326.693481
199,0.609745,3.000000,326.693481
200,0.613070,4.000000,326.693481
201,0.615750,3.000000,326.693481
202,0.618607,2.000000,326.693481
203,0.621911,4.000000,326.693481
204,0.624959,3.000000,326.693481
205,0.628198,3.000000,326.693481
206,0.631082,3.000000,326.693481
207,0.634460,3.000000,326.693481
208,0.637485,3.000000,326.693481
209,0.640850,4.000000,326.693481
210,0.643666,2.000000,326.693481
211,0.646860,4.000000,326.693481
212,0.649705,2.000000,326.693481
213,0.652527,3.000000,326.693481
214,0.655732,3.000000,326.693481
215,0.658557,3.000000,326.693481
216,0.661778,4.000000,326.693481
217,0.664557,2.000000,326.693481
218,0.667859,4.000000,326.693481
219,0.670617,2.000000,326.693481
220,0.674005,4.000000,326.693481
221,0.677184,3.000000,326.693481
222,0.680110,3.000000,326.693481
223,0.683223,3.000000,326.693481
224,0.686010,3.000000,326.693481
225,0.689583,3.000000,326.693481
226,0.692344,3.000000,326.693481
227,0.695160,3.000000,326.693481
228,0.698902,4.000000,326.693481
229,0.701758,2.000000,326.693481
230,0.704925,4.000000,326.693481
231,0.708133,3.000000,326.693481
232,0.711258,3.000000,326.693481
233,0.714047,3.000000,326.693481
234,0.717288,3.000000,326.693481
235,0.720088,3.000000,326.693481
236,0.723048,3.000000,326.693481
237,0.726178,3.000000,326.693481
238,0.728941,3.000000,326.693481
239,0.732191,3.000000,326.693481
240,0.734996,3.000000,326.693481
241,0.738429,3.000000,326.693481
242,0.741546,3.000000,326.693481
243,0.744761,4.000000,326.693481
244,0.747554,2.000000,326.693481
245,0.750367,3.000000,326.693481
246,0.753595,3.000000,326.693481
247,0.756681,3.000000,326.693481
248,0.759955,4.000000,326.693481
249,0.762672,2.000000,326.693481
250,0.766129,4.000000,326.693481
251,0.769202,3.000000,326.693481
252,0.772720,3.000000,326.693481
253,0.775511,3.000000,326.693481
254,0.778701,3.000000,326.693481
255,0.781535,3.000000,326.693481
256,0.784433,3.000000,326.693481
257,0.787593,3.000000,326.693481
258,0.790417,3.000000,326.693481
259,0.793625,3.000000,326.693481
260,0.796411,3.000000,326.693481
261,0.799637,3.000000,326.693481
262,0.802501,3.000000,326.693481
263,0.805912,4.000000,326.693481
264,0.809110,3.000000,326.693481
265,0.811973,3.000000,326.693481
266,0.815229,3.000000,326.693481
267,0.817985,3.000000,326.693481
268,0.821369,3.000000,326.693481
269,0.824153,3.000000,326.693481
270,0.826971,3.000000,326.693481
271,0.830476,3.000000,326.693390
272,0.833367,3.000000,326.693390
273,0.836938,4.000000,326.693390
274,0.839917,3.000000,326.693390
275,0.842907,3.000000,326.693390
276,0.845715,2.000000,326.693390
277,0.848924,4.000000,326.693390
278,0.851709,2.000000,326.693390
279,0.854998,4.000000,326.693390
280,0.857741,2.000000,326.693390
281,0.860632,3.000000,326.693390
282,0.863898,4.000000,326.693390
283,0.866579,2.000000,326.693390
284,0.870320,4.000000,326.693390
285,0.873073,3.000000,326.693390
286,0.876318,3.000000,326.693390
287,0.879122,3.000000,326.693390
288,0.881959,3.000000,326.693390
289,0.885425,3.000000,326.693390
290,0.888281,3.000000,326.693390
291,0.891450,3.000000,326.693390
292,0.894328,3.000000,326.693390
293,0.897538,3.000000,326.693390
294,0.900599,3.000000,326.693390
295,0.904160,4.000000,326.693390
296,0.906972,3.000000,326.693390
297,0.909871,3.000000,326.693390
298,0.913142,3.000000,326.693390
299,0.915927,3.000000,326.693390
300,0.919150,3.000000,326.693390
301,0.921956,3.000000,326.693390
302,0.925181,3.000000,326.693390
303,0.927998,3.000000,326.693390
304,0.930827,3.000000,326.693390
305,0.934324,3.000000,326.693390
306,0.937415,3.000000,326.693390
307,0.940642,3.000000,326.693390
308,0.943763,3.000000,326.693390
309,0.947011,4.000000,326.693390
310,0.949708,2.000000,326.693390
311,0.953199,4.000000,326.693390
312,0.955993,3.000000,326.693390
313,0.958902,3.000000,326.693390
314,0.962129,3.000000,326.693390
315,0.964922,3.000000,326.693390
316,0.968729,3.000000,326.693390
317,0.971537,3.000000,326.693390
318,0.974712,3.000000,326.693390
319,0.977557,3.000000,326.693390
320,0.980763,4.000000,326.693390
321,0.983541,2.000000,326.693390
322,0.986426,3.000000,326.693390
323,0.989614,3.000000,326.693390
324,0.992505,3.000000,326.693390
325,0.995655,3.000000,326.693390
326,0.998466,3.000000,326.693390
327,1.002193,4.000000,326.693390
328,1.005037,3.000000,326.693390
329,1.007811,3.000000,326.693390
330,1.011024,3.000000,326.693390
331,1.014913,4.000000,326.693390
332,1.019373,4.000000,326.693390
333,1.022178,3.000000,326.693390
334,1.024615,2.000000,326.693390
335,1.027100,3.000000,326.693390
336,1.029831,3.000000,326.693390
337,1.032735,2.000000,326.693390
338,1.035630,3.000000,326.693390
339,1.038904,4.000000,326.693390
340,1.041653,2.000000,326.693390
341,1.044841,4.000000,326.693390
342,1.047658,2.000000,326.693390
343,1.051198,4.000000,326.693390
344,1.055509,4.000000,326.693390
345,1.058821,4.000000,326.693390
346,1.061277,2.000000,326.693390
347,1.064570,3.000000,326.693390
348,1.067060,3.000000,326.693390
349,1.069859,3.000000,326.693390
350,1.072528,2.000000,326.693390
351,1.075813,3.000000,326.693390
352,1.078434,3.000000,326.693390
353,1.081393,3.000000,326.693390
354,1.084789,3.000000,326.693390
355,1.087894,4.000000,326.693390
356,1.090553,2.000000,326.693390
357,1.093717,3.000000,326.693390
358,1.096583,3.000000,326.693390
359,1.100128,4.000000,326.693390
360,1.102955,3.000000,326.693390
361,1.106083,3.000000,326.693390
362,1.108904,3.000000,326.693390
363,1.112179,3.000000,326.693390
364,1.114977,3.000000,326.693390
365,1.117806,3.000000,326.693390
366,1.120985,3.000000,326.693390
367,1.123806,3.000000,326.693390
368,1.127024,3.000000,326.693390
369,1.130074,3.000000,326.693390
370,1.133629,3.000000,326.693390
371,1.136422,3.000000,326.693390
372,1.139271,3.000000,326.693390
373,1.142638,3.000000,326.693390
374,1.145392,3.000000,326.693390
375,1.148633,3.000000,326.693390
376,1.151435,3.000000,326.693390
377,1.154809,4.000000,326.693390
378,1.157952,3.000000,326.693390
379,1.161134,3.000000,326.693390
380,1.164244,3.000000,326.693390
381,1.167439,3.000000,326.693390
382,1.170277,3.000000,326.693390
383,1.173287,3.000000,326.693390
384,1.176346,3.000000,326.693390
385,1.179113,3.000000,326.693390
386,1.182350,3.000000,326.693390
387,1.185151,3.000000,326.693390
388,1.188412,3.000000,326.693390
389,1.191225,3.000000,326.693390
390,1.194065,3.000000,326.693390
391,1.197752,4.000000,326.693390
392,1.200523,2.000000,326.693390
393,1.203730,3.000000,326.693390
394,1.206581,3.000000,326.693390
395,1.209786,4.000000,326.693390
396,1.212930,3.000000,326.693390
397,1.215691,2.000000,326.693390
398,1.218959,4.000000,326.693390
399,1.221931,3.000000,326.693390
400,1.224996,3.000000,326.693390
401,1.228116,3.000000,326.693390
402,1.231352,3.000000,326.693390
403,1.234291,3.000000,326.693390
404,1.237406,3.000000,326.693390
405,1.240195,3.000000,326.693390
406,1.243013,3.000000,326.693390
407,1.246324,3.000000,326.693390
408,1.249095,3.000000,326.693390
409,1.252304,3.000000,326.693390
410,1.255140,3.000000,326.693390
411,1.258358,3.000000,326.693390
412,1.261723,3.000000,326.693390
413,1.264920,4.000000,326.693390
414,1.267843,3.000000,326.693390
415,1.270705,2.000000,326.693390
416,1.273767,4.000000,326.693390
417,1.276935,3.000000,326.693390
418,1.280160,3.000000,326.693390
419,1.283315,3.000000,326.693390
420,1.286547,3.000000,326.693390
421,1.289374,3.000000,326.693390
422,1.292192,3.000000,326.693390
423,1.295553,3.000000,326.693390
424,1.298450,3.000000,326.693390
425,1.301659,3.000000,326.693390
426,1.304475,3.000000,326.693390
427,1.307678,3.000000,326.693390
428,1.310459,3.000000,326.693390
429,1.313851,4.000000,326.693390
430,1.316461,2.000000,326.693390
431,1.319293,3.000000,326.693390
432,1.322557,3.000000,326.693390
433,1.325525,3.000000,326.693390
434,1.329119,4.000000,326.693390
435,1.331840,3.000000,326.693481
436,1.335125,3.000000,326.693481
437,1.337898,3.000000,326.693481
438,1.340782,2.000000,326.693481
439,1.344285,4.000000,326.693481
440,1.347169,3.000000,326.693481
441,1.350295,3.000000,326.693481
442,1.353596,3.000000,326.693481
443,1.356804,4.000000,326.693481
444,1.360040,3.000000,326.693481
445,1.363109,3.000000,326.693481
446,1.365915,3.000000,326.693481
447,1.368818,3.000000,326.693481
448,1.371978,3.000000,326.693481
449,1.374827,3.000000,326.693481
450,1.378151,3.000000,326.693481
451,1.380882,3.000000,326.693481
452,1.384156,3.000000,326.693481
453,1.386881,3.000000,326.693481
454,1.390299,3.000000,326.693481
455,1.393414,3.000000,326.693481
456,1.396297,3.000000,326.693481
457,1.399523,3.000000,326.693481
458,1.402489,3.000000,326.693481
459,1.405541,3.000000,326.693481
460,1.408636,3.000000,326.693481
461,1.412272,4.000000,326.693481
462,1.415017,3.000000,326.693481
463,1.418222,3.000000,326.693481
464,1.421013,3.000000,326.693481
465,1.424568,3.000000,326.693481
466,1.427430,3.000000,326.693481
467,1.430305,3.000000,326.693481
468,1.433452,3.000000,326.693481
469,1.436360,3.000000,326.693481
470,1.439461,3.000000,326.693481
471,1.442388,3.000000,326.693481
472,1.445524,3.000000,326.693481
473,1.448338,3.000000,326.693481
474,1.451185,3.000000,326.693481
475,1.454362,3.000000,326.693481
476,1.457781,3.000000,326.693481
477,1.460941,4.000000,326.693481
478,1.464010,3.000000,326.693481
479,1.467300,3.000000,326.693481
480,1.470152,3.000000,326.693481
481,1.473374,3.000000,326.693481
482,1.476587,3.000000,326.693481
483,1.479375,3.000000,326.693481
484,1.482953,4.000000,326.693481
485,1.485958,3.000000,326.693481
486,1.489169,3.000000,326.693481
487,1.492281,3.000000,326.693481
488,1.495482,3.000000,326.693481
489,1.498417,3.000000,326.693481
490,1.501522,3.000000,326.693481
491,1.504345,3.000000,326.693481
492,1.507185,3.000000,326.693481
493,1.510428,3.000000,326.693481
494,1.513249,3.000000,326.693481
495,1.516469,3.000000,326.693481
496,1.519228,3.000000,326.693481
497,1.522882,4.000000,326.693481
498,1.525762,3.000000,326.693481
499,1.529006,3.000000,326.693481
500,1.531809,3.000000,326.693481
501,1.534614,2.000000,326.693481
502,1.537838,4.000000,326.693481
503,1.541014,3.000000,326.693481
504,1.544143,3.000000,326.693481
505,1.546963,3.000000,326.693481
506,1.550208,3.000000,326.693481
507,1.553435,3.000000,326.693481
508,1.557060,4.000000,326.693481
509,1.559863,3.000000,326.693481
510,1.562645,2.000000,326.693481
511,1.565877,4.000000,326.693481
512,1.568693,2.000000,326.693481
513,1.571955,4.000000,326.693481
514,1.574719,2.000000,326.693481
515,1.577946,4.000000,326.693481
516,1.580747,3.000000,326.693481
517,1.583585,2.000000,326.693481
518,1.586776,4.000000,326.693481
519,1.590202,3.000000,326.693481
520,1.593395,3.000000,326.693481
521,1.596226,3.000000,326.693481
522,1.599449,3.000000,326.693481
523,1.602243,3.000000,326.693481
524,1.605739,3.000000,326.693481
525,1.608503,3.000000,326.693481
526,1.611341,3.000000,326.693481
527,1.615014,4.000000,326.693481
528,1.617765,3.000000,326.693481
529,1.621304,3.000000,326.693481
530,1.624162,3.000000,326.693481
531,1.627352,3.000000,326.693481
532,1.630193,3.000000,326.693481
533,1.633376,3.000000,326.693481
534,1.636350,3.000000,326.693481
535,1.639045,3.000000,326.693481
536,1.642214,3.000000,326.693481
537,1.645038,3.000000,326.693481
538,1.648291,3.000000,326.693481
539,1.651086,3.000000,326.693481
540,1.654730,3.000000,326.693481
541,1.657530,3.000000,326.693481
542,1.660744,3.000000,326.693481
543,1.663569,3.000000,326.693481
544,1.666378,3.000000,326.693481
545,1.669976,4.000000,326.693481
546,1.672785,3.000000,326.693481
547,1.675996,3.000000,326.693481
548,1.678795,3.000000,326.693481
549,1.681990,3.000000,326.693481
550,1.685317,3.000000,326.693481
551,1.688930,4.000000,326.693481
552,1.691673,2.000000,326.693481
553,1.694454,3.000000,326.693481
554,1.697703,3.000000,326.693481
555,1.700530,3.000000,326.693481
556,1.703741,3.000000,326.693481
557,1.706522,3.000000,326.693481
558,1.709762,3.000000,326.693481
559,1.712531,3.000000,326.693481
560,1.715384,3.000000,326.693481
561,1.718829,4.000000,326.693481
562,1.721990,3.000000,326.693481
563,1.725170,3.000000,326.693481
564,1.728024,3.000000,326.693481
565,1.731257,3.000000,326.693481
566,1.734016,3.000000,326.693481
567,1.737172,3.000000,326.693481
568,1.740750,4.000000,326.693481
569,1.743985,3.000000,326.693481
570,1.746830,3.000000,326.693481
571,1.749688,2.000000,326.693481
572,1.753100,4.000000,326.693481
573,1.755826,3.000000,326.693481
574,1.759070,3.000000,326.693481
575,1.761877,3.000000,326.693481
576,1.765120,3.000000,326.693481
577,1.767916,3.000000,326.693481
578,1.770810,3.000000,326.693481
579,1.774034,3.000000,326.693481
580,1.776860,3.000000,326.693481
581,1.780027,3.000000,326.693481
582,1.782827,3.000000,326.693481
583,1.786400,3.000000,326.693481
584,1.789231,3.000000,326.693481
585,1.792123,3.000000,326.693481
586,1.795204,3.000000,326.693481
587,1.798068,3.000000,326.693481
588,1.801533,3.000000,326.693481
589,1.804307,3.000000,326.693481
590,1.807654,3.000000,326.693481
591,1.810851,4.000000,326.693481
592,1.813322,2.000000,326.693481
593,1.817031,4.000000,326.693481
594,1.819864,3.000000,326.693481
595,1.823039,3.000000,326.693481
596,1.825860,3.000000,326.693481
597,1.829026,3.000000,326.693481
598,1.831852,3.000000,326.693481
599,1.835032,3.000000,326.044006
600,1.837858,3.000000,326.044006
601,1.841098,3.000000,326.044006
602,1.843876,3.000000,326.044006
603,1.846752,2.000000,326.044006
604,1.850445,4.000000,326.044006
605,1.853273,3.000000,326.044006
606,1.856464,3.000000,326.044006
607,1.859273,3.000000,326.044006
608,1.862498,3.000000,326.044006
609,1.865606,3.000000,326.044006
610,1.868442,3.000000,326.044006
611,1.871990,4.000000,326.044006
612,1.874854,3.000000,326.044006
613,1.878131,3.000000,326.044006
614,1.880863,3.000000,326.044006
615,1.884507,3.000000,326.044006
616,1.887257,3.000000,326.044006
617,1.890427,3.000000,326.044006
618,1.893367,3.000000,326.044006
619,1.896169,3.000000,326.044006
620,1.899391,3.000000,326.044006
621,1.902294,3.000000,326.044006
622,1.905364,3.000000,326.044006
623,1.908170,3.000000,326.044006
624,1.911380,3.000000,326.044006
625,1.914466,3.000000,326.044006
626,1.918019,4.000000,326.044006
627,1.920837,3.000000,326.044006
628,1.923700,2.000000,326.044006
629,1.926924,4.000000,326.044006
630,1.929821,3.000000,326.044006
631,1.933172,3.000000,326.044006
632,1.935904,3.000000,326.044006
633,1.939185,3.000000,326.044006
634,1.942010,3.000000,326.044006
635,1.944868,3.000000,326.044006
636,1.948477,3.000000,326.044006
637,1.951234,3.000000,326.044006
638,1.954412,3.000000,326.044006
639,1.957252,3.000000,326.044006
640,1.960489,3.000000,326.044006
641,1.963248,3.000000,326.044006
642,1.966128,3.000000,326.044006
643,1.969304,3.000000,326.044006
644,1.972135,3.000000,326.044006
645,1.975321,3.000000,326.044006
646,1.978139,3.000000,326.044006
647,1.981807,4.000000,326.044006
648,1.984605,2.000000,326.044006
649,1.988044,4.000000,326.044006
650,1.990879,3.000000,326.044006
651,1.994102,3.000000,326.044006
652,1.997220,3.000000,326.044006
653,2.000061,3.000000,326.044006
654,2.003684,3.000000,326.044006
655,2.006551,3.000000,326.044006
656,2.009658,3.000000,326.044006
657,2.012827,4.000000,326.044006
658,2.016057,3.000000,326.044006
659,2.018843,3.000000,326.044006
660,2.022068,3.000000,326.044006
661,2.024873,3.000000,326.044006
662,2.027741,2.000000,326.044006
663,2.030901,4.000000,326.044006
664,2.033707,2.000000,326.044006
665,2.036916,4.000000,326.044006
666,2.039747,3.000000,326.044006
667,2.043058,3.000000,326.044006
668,2.046377,3.000000,326.044006
669,2.049592,3.000000,326.044006
670,2.052379,3.000000,326.044006
671,2.055255,3.000000,326.044006
672,2.058501,3.000000,326.044006
673,2.061613,3.000000,326.044006
674,2.064853,4.000000,326.044006
675,2.067957,3.000000,326.044006
676,2.071177,3.000000,326.044006
677,2.074330,3.000000,326.044006
678,2.076823,3.000000,326.044006
679,2.080286,3.000000,326.044006
680,2.083097,3.000000,326.044006
681,2.086228,3.000000,326.044006
682,2.089062,3.000000,326.044006
683,2.092381,3.000000,326.044006
684,2.095276,3.000000,326.044006
685,2.098012,3.000000,326.044006
686,2.101126,3.000000,326.044006
687,2.103963,3.000000,326.044006
688,2.107177,3.000000,326.044006
689,2.110271,3.000000,326.044006
690,2.113845,4.000000,326.044006
691,2.116623,2.000000,326.044006
692,2.119830,4.000000,326.044006
693,2.122631,2.000000,326.044006
694,2.125837,4.000000,326.044006
695,2.128925,3.000000,326.044006
696,2.131764,3.000000,326.044006
697,2.135477,3.000000,326.044006
698,2.138232,3.000000,326.044006
699,2.141431,3.000000,326.044006
700,2.144592,3.000000,326.044006
701,2.147765,4.000000,326.044006
702,2.150683,2.000000,326.044006
703,2.153802,4.000000,326.044006
704,2.156601,2.000000,326.044006
705,2.159464,3.000000,326.044006
706,2.162654,3.000000,326.044006
707,2.165442,3.000000,326.044006
708,2.168697,3.000000,326.044006
709,2.171505,3.000000,326.044006
710,2.174313,3.000000,326.044006
711,2.177972,4.000000,326.044006
712,2.181180,3.000000,326.044006
713,2.184041,3.000000,326.044006
714,2.186851,3.000000,326.044006
715,2.190052,3.000000,326.044006
716,2.193130,3.000000,326.044006
717,2.196363,3.000000,326.044006
718,2.199452,3.000000,326.044006
719,2.202649,3.000000,326.044006
720,2.205467,3.000000,326.044006
721,2.208683,3.000000,326.044006
722,2.211873,4.000000,326.044006
723,2.214745,2.000000,326.044006
724,2.217865,4.000000,326.044006
725,2.220652,2.000000,326.044006
726,2.223862,4.000000,326.044006
727,2.226679,2.000000,326.044006
728,2.229591,3.000000,326.044006
729,2.232705,3.000000,326.044006
730,2.235660,3.000000,326.044006
731,2.238794,4.000000,326.044006
732,2.242185,3.000000,326.044006
733,2.245486,3.000000,326.044006
734,2.248239,3.000000,326.044006
735,2.251409,3.000000,326.044006
736,2.254213,3.000000,326.044006
737,2.257622,3.000000,326.044006
738,2.260444,3.000000,326.044006
739,2.263253,3.000000,326.044006
740,2.266486,3.000000,326.044006
741,2.269311,3.000000,326.044006
742,2.272513,3.000000,326.044006
743,2.275692,3.000000,326.044006
744,2.278901,4.000000,326.044006
745,2.281715,2.000000,326.044006
746,2.284557,3.000000,326.044006
747,2.287785,4.000000,326.044006
748,2.290596,2.000000,326.044006
749,2.293818,4.000000,326.044006
750,2.296632,2.000000,326.044006
751,2.299560,3.000000,326.044006
752,2.302688,3.000000,326.044006
753,2.305795,4.000000,326.044006
754,2.309261,3.000000,326.044006
755,2.312104,3.000000,326.044006
756,2.315182,3.000000,326.044006
757,2.317991,3.000000,326.044006
758,2.321177,3.000000,326.044006
759,2.324352,3.000000,326.044006
760,2.327184,3.000000,326.044006
761,2.330682,3.000000,326.044006
762,2.333563,3.000000,326.044006
763,2.336729,3.000000,327.345428
764,2.340096,4.000000,327.345428
765,2.343039,3.000000,327.345428
766,2.345895,3.000000,327.345428
767,2.349105,3.000000,327.345428
768,2.351928,3.000000,327.345428
769,2.355189,3.000000,327.345428
770,2.358008,3.000000,327.345428
771,2.361101,3.000000,327.345428
772,2.364041,3.000000,327.345428
773,2.366844,3.000000,327.345428
774,2.370109,3.000000,327.345428
775,2.373417,3.000000,327.345428
776,2.376671,3.000000,327.345428
777,2.380720,4.000000,327.345428
778,2.383090,3.000000,327.345428
779,2.385593,2.000000,327.345428
780,2.388684,3.000000,327.345428
781,2.391943,4.000000,327.345428
782,2.394716,2.000000,327.345428
783,2.398380,4.000000,327.345428
784,2.401147,3.000000,327.345428
785,2.404604,3.000000,327.345428
786,2.407414,3.000000,327.345428
787,2.410711,3.000000,327.345428
788,2.413470,3.000000,327.345428
789,2.416481,3.000000,327.345428
790,2.419497,3.000000,327.345428
791,2.422328,3.000000,327.345428
792,2.425574,3.000000,327.345428
793,2.428365,3.000000,327.345428
794,2.431706,3.000000,327.345428
795,2.434424,3.000000,327.345428
796,2.437857,4.000000,327.345428
797,2.441163,3.000000,327.345428
798,2.444039,3.000000,327.345428
799,2.447164,3.000000,327.345428
800,2.449973,3.000000,327.345428
801,2.453603,3.000000,327.345428
802,2.456311,3.000000,327.345428
803,2.459123,3.000000,327.345428
804,2.462337,3.000000,327.345428
805,2.465222,3.000000,327.345428
806,2.468424,3.000000,327.345428
807,2.471636,3.000000,327.345428
808,2.474768,4.000000,327.345428
809,2.477592,2.000000,327.345428
810,2.480809,4.000000,327.345428
811,2.483613,2.000000,327.345428
812,2.486461,3.000000,327.345428
813,2.489642,3.000000,327.345428
814,2.492473,3.000000,327.345428
815,2.495741,3.000000,327.345428
816,2.498561,3.000000,327.345428
817,2.501963,4.000000,327.345428
818,2.505007,3.000000,327.345428
819,2.507784,3.000000,327.345428
820,2.511271,3.000000,327.345428
821,2.513937,3.000000,327.345428
822,2.517158,3.000000,327.345428
823,2.520446,3.000000,327.345428
824,2.523642,3.000000,327.345428
825,2.526687,3.000000,327.345428
826,2.529964,4.000000,327.345428
827,2.532763,3.000000,327.345428
828,2.536284,3.000000,327.345428
829,2.539077,3.000000,327.345428
830,2.541878,3.000000,327.345428
831,2.545197,3.000000,327.345428
832,2.548033,3.000000,327.345428
833,2.551250,3.000000,327.345428
834,2.554061,3.000000,327.345428
835,2.557268,3.000000,327.345428
836,2.560089,3.000000,327.345428
837,2.562906,3.000000,327.345428
838,2.566171,3.000000,327.345428
839,2.569563,3.000000,327.345428
840,2.573110,4.000000,327.345428
841,2.576114,3.000000,327.345428
842,2.578771,3.000000,327.345428
843,2.581582,2.000000,327.345428
844,2.584999,4.000000,327.345428
845,2.587755,3.000000,327.345428
846,2.590552,2.000000,327.345428
847,2.593766,4.000000,327.345428
848,2.596601,2.000000,327.345428
849,2.600195,4.000000,327.345428
850,2.603056,3.000000,327.345428
851,2.606126,3.000000,327.345428
852,2.608892,3.000000,327.345428
853,2.612111,3.000000,327.345428
854,2.614895,3.000000,327.345428
855,2.617826,3.000000,327.345428
856,2.620873,3.000000,327.345428
857,2.623681,2.000000,327.345428
858,2.626860,4.000000,327.345428
859,2.629678,2.000000,327.345428
860,2.633410,4.000000,327.345428
861,2.636096,3.000000,327.345428
862,2.638966,3.000000,327.345428
863,2.642165,3.000000,327.345428
864,2.644958,3.000000,327.345428
865,2.648096,3.000000,327.345428
866,2.651195,3.000000,327.345428
867,2.654243,3.000000,327.345428
868,2.657762,4.000000,327.345428
869,2.661007,3.000000,327.345428
870,2.663770,3.000000,327.345428
871,2.666913,3.000000,327.345428
872,2.670156,3.000000,327.345428
873,2.672907,3.000000,327.345428
874,2.676146,3.000000,327.345428
875,2.678889,3.000000,327.345428
876,2.682095,3.000000,327.345428
877,2.684852,3.000000,327.345428
878,2.687675,2.000000,327.345428
879,2.690935,4.000000,327.345428
880,2.693726,2.000000,327.345428
881,2.696964,4.000000,327.345428
882,2.700337,3.000000,327.345428
883,2.703534,3.000000,327.345428
884,2.706314,3.000000,327.345428
885,2.709538,3.000000,327.345428
886,2.712359,3.000000,327.345428
887,2.715492,3.000000,327.345428
888,2.719024,4.000000,327.345428
889,2.721842,3.000000,327.345428
890,2.724998,3.000000,327.345428
891,2.728377,3.000000,327.345428
892,2.731276,3.000000,327.345428
893,2.734025,3.000000,327.345428
894,2.737248,3.000000,327.345428
895,2.740043,3.000000,327.345428
896,2.742987,3.000000,327.345428
897,2.746120,3.000000,327.345428
898,2.748942,3.000000,327.345428
899,2.752139,3.000000,327.345428
900,2.755022,3.000000,327.345428
901,2.758257,3.000000,327.345428
902,2.760974,3.000000,327.345428
903,2.764357,3.000000,327.345428
904,2.767578,3.000000,327.345428
905,2.770478,3.000000,327.345428
906,2.773654,3.000000,327.345428
907,2.776456,3.000000,327.345428
908,2.779989,4.000000,327.345428
909,2.782752,3.000000,327.345428
910,2.785827,3.000000,327.345428
911,2.789408,3.000000,327.345428
912,2.792630,3.000000,327.345428
913,2.795451,3.000000,327.345428
914,2.798695,3.000000,327.345428
915,2.801931,4.000000,327.345428
916,2.804663,2.000000,327.345428
917,2.807927,4.000000,327.345428
918,2.810734,2.000000,327.345428
919,2.813531,3.000000,327.345428
920,2.816702,3.000000,327.345428
921,2.819545,3.000000,327.345428
922,2.822809,4.000000,327.345428
923,2.825683,2.000000,327.345428
924,2.829190,4.000000,327.345428
925,2.832261,3.000000,327.345428
926,2.835448,3.000000,327.345428
927,2.838320,3.000000,326.693390
928,2.841484,3.000000,326.693390
929,2.844293,3.000000,326.693390
930,2.847464,3.000000,326.693390
931,2.851087,4.000000,326.693390
932,2.854003,3.000000,326.693390
933,2.857067,3.000000,326.693390
934,2.859918,3.000000,326.693390
935,2.863362,3.000000,326.693390
936,2.866182,3.000000,326.693390
937,2.869393,3.000000,326.693390
938,2.872194,3.000000,326.693390
939,2.875039,3.000000,326.693390
940,2.878263,3.000000,326.693390
941,2.880995,3.000000,326.693390
942,2.884290,3.000000,326.693390
943,2.887045,3.000000,326.693390
944,2.890261,3.000000,326.693390
945,2.893111,3.000000,326.693390
946,2.896460,3.000000,326.693390
947,2.899780,4.000000,326.693390
948,2.902487,2.000000,326.693390
949,2.905717,3.000000,326.693390
950,2.908505,3.000000,326.693390
951,2.911917,4.000000,326.693390
952,2.914817,2.000000,326.693390
953,2.917646,3.000000,326.693390
954,2.920832,4.000000,326.693390
955,2.923592,2.000000,326.693390
956,2.927290,4.000000,326.693390
957,2.930277,3.000000,326.693390
958,2.933319,3.000000,326.693390
959,2.936120,3.000000,326.693390
960,2.939328,3.000000,326.693390
961,2.942144,3.000000,326.693390
962,2.945389,3.000000,326.693390
963,2.948224,3.000000,326.693390
964,2.951149,3.000000,326.693390
965,2.954247,3.000000,326.693390
966,2.957070,3.000000,326.693390
967,2.960762,4.000000,326.693390
968,2.963571,2.000000,326.693390
969,2.966764,4.000000,326.693390
970,2.969593,2.000000,326.693390
971,2.972448,3.000000,326.693390
972,2.975925,4.000000,326.693390
973,2.978748,2.000000,326.693390
974,2.982239,4.000000,326.693390
975,2.985039,3.000000,326.693390
976,2.988215,3.000000,326.693390
977,2.990999,3.000000,326.693390
978,2.994657,3.000000,326.693390
979,2.997484,3.000000,326.693390
980,3.000216,3.000000,326.693390
981,3.003417,3.000000,326.693390
982,3.006232,3.000000,326.693390
983,3.009442,3.000000,326.693390
984,3.012222,3.000000,326.693390
985,3.015389,3.000000,326.693390
986,3.018223,3.000000,326.693390
987,3.020977,3.000000,326.693390
988,3.024238,3.000000,326.693390
989,3.027339,3.000000,326.693390
990,3.030441,3.000000,326.693390
991,3.033479,3.000000,326.693390
992,3.036664,3.000000,326.693390
993,3.039453,3.000000,326.693390
994,3.042815,4.000000,326.693390
995,3.046159,3.000000,326.693390
996,3.048940,3.000000,326.693390
997,3.052196,3.000000,326.693390
998,3.054910,3.000000,326.693390
999,3.058439,3.000000,326.693390
1000,3.061213,3.000000,326.693390
1001,3.064395,3.000000,326.693390
1002,3.067196,3.000000,326.693390
1003,3.069982,3.000000,326.693390
1004,3.073160,3.000000,326.693390
1005,3.075993,3.000000,326.693390
1006,3.079141,3.000000,326.693390
1007,3.081948,3.000000,326.693390
1008,3.085120,3.000000,326.693390
1009,3.087969,3.000000,326.693390
1010,3.091655,3.000000,326.693390
1011,3.094546,3.000000,326.693390
1012,3.097329,3.000000,326.693390
1013,3.100571,3.000000,326.693390
1014,3.103427,3.000000,326.693390
1015,3.106874,4.000000,326.693390
1016,3.110036,3.000000,326.693390
1017,3.112703,2.000000,326.693390
1018,3.116134,4.000000,326.693390
1019,3.118918,3.000000,326.693390
1020,3.122155,3.000000,326.693390
1021,3.125396,3.000000,326.693390
1022,3.128451,3.000000,326.693390
1023,3.131333,3.000000,326.693390
1024,3.134462,3.000000,326.693390
1025,3.137297,3.000000,326.693390
1026,3.140508,3.000000,326.693390
1027,3.143340,3.000000,326.693390
1028,3.146126,3.000000,326.693390
1029,3.149347,3.000000,326.693390
1030,3.152187,3.000000,326.693390
1031,3.155641,3.000000,326.693390
1032,3.158756,3.000000,326.693390
1033,3.161972,4.000000,326.693390
1034,3.164782,3.000000,326.693390
1035,3.167970,3.000000,326.693390
1036,3.170815,3.000000,326.693390
1037,3.173978,3.000000,326.693390
1038,3.177152,3.000000,326.693390
1039,3.179961,3.000000,326.693390
1040,3.183427,3.000000,326.693390
1041,3.186229,3.000000,326.693390
1042,3.189855,4.000000,326.693390
1043,3.192663,2.000000,326.693390
1044,3.195972,4.000000,326.693390
1045,3.198650,2.000000,326.693390
1046,3.201454,3.000000,326.693390
1047,3.204674,3.000000,326.693390
1048,3.207481,3.000000,326.693390
1049,3.210716,3.000000,326.693390
1050,3.213530,3.000000,326.693390
1051,3.216749,4.000000,326.693390
1052,3.219554,2.000000,326.693390
1053,3.222932,4.000000,326.693390
1054,3.226207,3.000000,326.693390
1055,3.229370,3.000000,326.693390
1056,3.232195,3.000000,326.693390
1057,3.234990,3.000000,326.693390
1058,3.238450,3.000000,326.693390
1059,3.241208,3.000000,326.693390
1060,3.244032,3.000000,326.693390
1061,3.247750,4.000000,326.693390
1062,3.250606,2.000000,326.693390
1063,3.254127,4.000000,326.693390
1064,3.256916,3.000000,326.693390
1065,3.260114,3.000000,326.693390
1066,3.262951,3.000000,326.693390
1067,3.266180,3.000000,326.693390
1068,3.268994,3.000000,326.693390
1069,3.272205,3.000000,326.693390
1070,3.274993,3.000000,326.693390
1071,3.277986,3.000000,326.693390
1072,3.281050,3.000000,326.693390
1073,3.283883,3.000000,326.693390
1074,3.287680,3.000000,326.693390
1075,3.290394,3.000000,326.693390
1076,3.293617,3.000000,326.693390
1077,3.296424,3.000000,326.693390
1078,3.299258,3.000000,326.693390
1079,3.302936,4.000000,326.693390
1080,3.305616,2.000000,326.693390
1081,3.308788,4.000000,326.693390
1082,3.311638,2.000000,326.693390
1083,3.315207,4.000000,326.693390
1084,3.317992,3.000000,326.693390
1085,3.321478,3.000000,326.693390
1086,3.324314,3.000000,326.693390
1087,3.327553,3.000000,326.693390
1088,3.330331,3.000000,326.693390
1089,3.333173,3.000000,326.693390
1090,3.336761,3.000000,326.693390
1091,3.339539,3.000000,327.345459
1092,3.342672,3.000000,327.345459
1093,3.345519,3.000000,327.345459
1094,3.348673,3.000000,327.345459
1095,3.351811,4.000000,327.345459
1096,3.354871,3.000000,327.345459
1097,3.358108,3.000000,327.345459
1098,3.360956,3.000000,327.345459
1099,3.364128,3.000000,327.345459
1100,3.366953,3.000000,327.345459
1101,3.370446,3.000000,327.345459
1102,3.373266,3.000000,327.345459
1103,3.376497,3.000000,327.345459
1104,3.379296,3.000000,327.345459
1105,3.382413,3.000000,327.345459
1106,3.386037,4.000000,327.345459
1107,3.388793,3.000000,327.345459
1108,3.392036,3.000000,327.345459
1109,3.394921,3.000000,327.345459
1110,3.398036,3.000000,327.345459
1111,3.400822,3.000000,327.345459
1112,3.404042,3.000000,327.345459
1113,3.406834,3.000000,327.345459
1114,3.409743,2.000000,327.345459
1115,3.412906,4.000000,327.345459
1116,3.415736,2.000000,327.345459
1117,3.419340,4.000000,327.345459
1118,3.422132,3.000000,327.345459
1119,3.425371,3.000000,327.345459
1120,3.428180,3.000000,327.345459
1121,3.431027,3.000000,327.345459
1122,3.434508,3.000000,327.345459
1123,3.437330,3.000000,327.345459
1124,3.440820,4.000000,327.345459
1125,3.443654,2.000000,327.345459
1126,3.446850,4.000000,327.345459
1127,3.449997,3.000000,327.345459
1128,3.453190,3.000000,327.345459
1129,3.455995,3.000000,327.345459
1130,3.459263,3.000000,327.345459
1131,3.462218,3.000000,327.345459
1132,3.464971,3.000000,327.345459
1133,3.468161,3.000000,327.345459
1134,3.470957,3.000000,327.345459
1135,3.474243,3.000000,327.345459
1136,3.476951,3.000000,327.345459
1137,3.479771,3.000000,327.345459
1138,3.483514,3.000000,327.345459
1139,3.486341,3.000000,327.345459
1140,3.489585,3.000000,327.345459
1141,3.492395,3.000000,327.345459
1142,3.495582,3.000000,327.345459
1143,3.498678,3.000000,327.345459
1144,3.502048,4.000000,327.345459
1145,3.505470,3.000000,327.345459
1146,3.508397,3.000000,327.345459
1147,3.511194,3.000000,327.345459
1148,3.514641,3.000000,327.345459
1149,3.517424,3.000000,327.345459
1150,3.520295,3.000000,327.345459
1151,3.523452,3.000000,327.345459
1152,3.526322,3.000000,327.345459
1153,3.529469,3.000000,327.345459
1154,3.532317,3.000000,327.345459
1155,3.535550,3.000000,327.345459
1156,3.538422,3.000000,327.345459
1157,3.541484,3.000000,327.345459
1158,3.544449,3.000000,327.345459
1159,3.547795,4.000000,327.345459
1160,3.550971,3.000000,327.345459
1161,3.554042,3.000000,327.345459
1162,3.557280,3.000000,327.345459
1163,3.560102,3.000000,327.345459
1164,3.562974,3.000000,327.345459
1165,3.566292,3.000000,327.345459
1166,3.569215,3.000000,327.345459
1167,3.572727,3.000000,327.345459
1168,3.575534,3.000000,327.345459
1169,3.578793,4.000000,327.345459
1170,3.581966,3.000000,327.345459
1171,3.585152,3.000000,327.345459
1172,3.587946,3.000000,327.345459
1173,3.590811,3.000000,327.345459
1174,3.594010,3.000000,327.345459
1175,3.596897,3.000000,327.345459
1176,3.600060,3.000000,327.345459
1177,3.602868,3.000000,327.345459
1178,3.606135,3.000000,327.345459
1179,3.608939,3.000000,327.345459
1180,3.612045,3.000000,327.345459
1181,3.615399,3.000000,327.345459
1182,3.618607,3.000000,327.345459
1183,3.621432,3.000000,327.345459
1184,3.624253,3.000000,327.345459
1185,3.627452,3.000000,327.345459
1186,3.630549,3.000000,327.345459
1187,3.633721,3.000000,327.345459
1188,3.636935,4.000000,327.345459
1189,3.639776,2.000000,327.345459
1190,3.642915,4.000000,327.345459
1191,3.646316,3.000000,327.345459
1192,3.649231,3.000000,327.345459
1193,3.651994,3.000000,327.345459
1194,3.655227,3.000000,327.345459
1195,3.657999,3.000000,327.345459
1196,3.660932,3.000000,327.345459
1197,3.663998,3.000000,327.345459
1198,3.666789,3.000000,327.345459
1199,3.670002,3.000000,327.345459
1200,3.672768,3.000000,327.345459
1201,3.675992,3.000000,327.345459
1202,3.679453,3.000000,327.345459
1203,3.682633,3.000000,327.345459
1204,3.685416,3.000000,327.345459
1205,3.688665,3.000000,327.345459
1206,3.691445,3.000000,327.345459
1207,3.694549,3.000000,327.345459
1208,3.698233,4.000000,327.345459
1209,3.701008,3.000000,327.345459
1210,3.704213,3.000000,327.345459
1211,3.707036,3.000000,327.345459
1212,3.710713,3.000000,327.345459
1213,3.713492,3.000000,327.345459
1214,3.716697,3.000000,327.345459
1215,3.719519,3.000000,327.345459
1216,3.722326,3.000000,327.345459
1217,3.725585,3.000000,327.345459
1218,3.728440,3.000000,327.345459
1219,3.731615,3.000000,327.345459
1220,3.734462,3.000000,327.345459
1221,3.737628,3.000000,327.345459
1222,3.740439,3.000000,327.345459
1223,3.744253,4.000000,327.345459
1224,3.747155,3.000000,327.345459
1225,3.749730,3.000000,327.345459
1226,3.752982,3.000000,327.345459
1227,3.755823,3.000000,327.345459
1228,3.759024,3.000000,327.345459
1229,3.762048,3.000000,327.345459
1230,3.765269,3.000000,327.345459
1231,3.768523,3.000000,327.345459
1232,3.771315,3.000000,327.345459
1233,3.774569,3.000000,327.345459
1234,3.777772,3.000000,327.345459
1235,3.780984,4.000000,327.345459
1236,3.783763,3.000000,327.345459
1237,3.786964,3.000000,327.345459
1238,3.789748,3.000000,327.345459
1239,3.792985,3.000000,327.345459
1240,3.795764,3.000000,327.345459
1241,3.798587,2.000000,327.345459
1242,3.801850,4.000000,327.345459
1243,3.804615,2.000000,327.345459
1244,3.808112,4.000000,327.345459
1245,3.811206,3.000000,327.345459
1246,3.814433,3.000000,327.345459
1247,3.817246,3.000000,327.345459
1248,3.820453,3.000000,327.345459
1249,3.823259,3.000000,327.345459
1250,3.826416,3.000000,327.345459
1251,3.829988,4.000000,327.345459
1252,3.832873,3.000000,327.345459
1253,3.836066,3.000000,327.345459
1254,3.838893,3.000000,327.345459
1255,3.842364,3.000000,326.043945
1256,3.845077,3.000000,326.043945
1257,3.847898,3.000000,326.043945
1258,3.851185,3.000000,326.043945
1259,3.853998,3.000000,326.043945
1260,3.857187,3.000000,326.043945
1261,3.859995,3.000000,326.043945
1262,3.863222,3.000000,326.043945
1263,3.866061,3.000000,326.043945
1264,3.869268,3.000000,326.043945
1265,3.872087,3.000000,326.043945
1266,3.875996,4.000000,326.043945
1267,3.878796,3.000000,326.043945
1268,3.881646,2.000000,326.043945
1269,3.884832,4.000000,326.043945
1270,3.887640,2.000000,326.043945
1271,3.891018,4.000000,326.043945
1272,3.893844,3.000000,326.043945
1273,3.897041,3.000000,326.043945
1274,3.900257,3.000000,326.043945
1275,3.903113,3.000000,326.043945
1276,3.906664,3.000000,326.043945
1277,3.909445,3.000000,326.043945
1278,3.912646,3.000000,326.043945
1279,3.915477,3.000000,326.043945
1280,3.918643,3.000000,326.043945
1281,3.921501,3.000000,326.043945
1282,3.924320,3.000000,326.043945
1283,3.927538,3.000000,326.043945
1284,3.930394,3.000000,326.043945
1285,3.933592,3.000000,326.043945
1286,3.936434,3.000000,326.043945
1287,3.940051,4.000000,326.043945
1288,3.942913,3.000000,326.043945
1289,3.946148,3.000000,326.043945
1290,3.949052,3.000000,326.043945
1291,3.951793,3.000000,326.043945
1292,3.955047,3.000000,326.043945
1293,3.958139,3.000000,326.043945
1294,3.961369,3.000000,326.043945
1295,3.964161,3.000000,326.043945
1296,3.967506,3.000000,326.043945
1297,3.970267,3.000000,326.043945
1298,3.973867,4.000000,326.043945
1299,3.976738,2.000000,326.043945
1300,3.979483,3.000000,326.043945
1301,3.982759,3.000000,326.043945
1302,3.985600,3.000000,326.043945
1303,3.988778,4.000000,326.043945
1304,3.991558,2.000000,326.043945
1305,3.994749,4.000000,326.043945
1306,3.997604,2.000000,326.043945
1307,4.000414,3.000000,326.043945
1308,4.003935,4.000000,326.043945
1309,4.007023,3.000000,326.043945
1310,4.010250,3.000000,326.043945
1311,4.013224,3.000000,326.043945
1312,4.016224,3.000000,326.043945
1313,4.019025,3.000000,326.043945
1314,4.022409,3.000000,326.043945
1315,4.025788,4.000000,326.043945
1316,4.028631,2.000000,326.043945
1317,4.031782,4.000000,326.043945
1318,4.034615,2.000000,326.043945
1319,4.038226,4.000000,326.043945
1320,4.041021,3.000000,326.043945
1321,4.044165,3.000000,326.043945
1322,4.047023,3.000000,326.043945
1323,4.050237,3.000000,326.043945
1324,4.053070,3.000000,326.043945
1325,4.055877,3.000000,326.043945
1326,4.059113,3.000000,326.043945
1327,4.062045,3.000000,326.043945
1328,4.065151,3.000000,326.043945
1329,4.067957,3.000000,326.043945
1330,4.071740,3.000000,326.043945
1331,4.074548,3.000000,326.043945
1332,4.077868,4.000000,326.043945
1333,4.080599,2.000000,326.043945
1334,4.083430,3.000000,326.043945
1335,4.086943,4.000000,326.043945
1336,4.089840,3.000000,326.043945
1337,4.093132,3.000000,326.043945
1338,4.095868,3.000000,326.043945
1339,4.099018,3.000000,326.043945
1340,4.102629,3.000000,326.043945
1341,4.105769,4.000000,326.043945
1342,4.108687,2.000000,326.043945
1343,4.111446,3.000000,326.043945
1344,4.114641,3.000000,326.043945
1345,4.117511,3.000000,326.043945
1346,4.120719,3.000000,326.043945
1347,4.123583,3.000000,326.043945
1348,4.126753,4.000000,326.043945
1349,4.129577,2.000000,326.043945
1350,4.132432,3.000000,326.043945
1351,4.136274,4.000000,326.043945
1352,4.139220,3.000000,326.043945
1353,4.142450,3.000000,326.043945
1354,4.145429,3.000000,326.043945
1355,4.148509,3.000000,326.043945
1356,4.151391,3.000000,326.043945
1357,4.155016,4.000000,326.043945
1358,4.157711,2.000000,326.043945
1359,4.160610,3.000000,326.043945
1360,4.163731,3.000000,326.043945
1361,4.166571,3.000000,326.043945
1362,4.170112,4.000000,326.043945
1363,4.172831,3.000000,326.043945
1364,4.175989,3.000000,326.043945
1365,4.178798,3.000000,326.043945
1366,4.182009,3.000000,326.043945
1367,4.184943,3.000000,326.043945
1368,4.187715,2.000000,326.043945
1369,4.190870,4.000000,326.043945
1370,4.193717,2.000000,326.043945
1371,4.196966,4.000000,326.043945
1372,4.200082,3.000000,326.043945
1373,4.203514,3.000000,326.043945
1374,4.206329,3.000000,326.043945
1375,4.209550,3.000000,326.043945
1376,4.212340,3.000000,326.043945
1377,4.215181,3.000000,326.043945
1378,4.218602,3.000000,326.043945
1379,4.221409,3.000000,326.043945
1380,4.224619,3.000000,326.043945
1381,4.227464,3.000000,326.043945
1382,4.230623,3.000000,326.043945
1383,4.234210,4.000000,326.043945
1384,4.237435,3.000000,326.043945
1385,4.240234,3.000000,326.043945
1386,4.243171,3.000000,326.043945
1387,4.246266,3.000000,326.043945
1388,4.249090,3.000000,326.043945
1389,4.252286,3.000000,326.043945
1390,4.255107,3.000000,326.043945
1391,4.258353,3.000000,326.043945
1392,4.261126,3.000000,326.043945
1393,4.264258,3.000000,326.043945
1394,4.267529,3.000000,326.043945
1395,4.270482,3.000000,326.043945
1396,4.273555,3.000000,326.043945
1397,4.276364,3.000000,326.043945
1398,4.279642,3.000000,326.043945
1399,4.282715,3.000000,326.043945
1400,4.285495,3.000000,326.043945
1401,4.289018,4.000000,326.043945
1402,4.292211,3.000000,326.043945
1403,4.295048,3.000000,326.043945
1404,4.298337,3.000000,326.043945
1405,4.301428,3.000000,326.043945
1406,4.304226,3.000000,326.043945
1407,4.307496,3.000000,326.043945
1408,4.310351,3.000000,326.043945
1409,4.313487,3.000000,326.043945
1410,4.316323,3.000000,326.043945
1411,4.319193,3.000000,326.043945
1412,4.322350,3.000000,326.043945
1413,4.325200,3.000000,326.043945
1414,4.328384,3.000000,326.043945
1415,4.331797,4.000000,326.043945
1416,4.334994,3.000000,326.043945
1417,4.337802,3.000000,326.043945
1418,4.340745,2.000000,326.043945
1419,4.343884,4.000000,326.693481
1420,4.347090,3.000000,326.693481
1421,4.350343,3.000000,326.693481
1422,4.353316,3.000000,326.693481
1423,4.356638,3.000000,326.693481
1424,4.359304,3.000000,326.693481
1425,4.362217,3.000000,326.693481
1426,4.365610,3.000000,326.693481
1427,4.368466,3.000000,326.693481
1428,4.371735,3.000000,326.693481
1429,4.374474,3.000000,326.693481
1430,4.377612,3.000000,326.693481
1431,4.380525,3.000000,326.693481
1432,4.383661,3.000000,326.693481
1433,4.386447,3.000000,326.693481
1434,4.389712,3.000000,326.693481
1435,4.392517,3.000000,326.693481
1436,4.395648,3.000000,326.693481
1437,4.399004,4.000000,326.693481
1438,4.401833,3.000000,326.693481
1439,4.405070,3.000000,326.693481
1440,4.407855,3.000000,326.693481
1441,4.411087,3.000000,326.693481
1442,4.414289,3.000000,326.693481
1443,4.417016,3.000000,326.693481
1444,4.420633,3.000000,326.693481
1445,4.423473,3.000000,326.693481
1446,4.426719,3.000000,326.693481
1447,4.429862,4.000000,326.693481
1448,4.433126,3.000000,326.693481
1449,4.435843,3.000000,326.693481
1450,4.439087,3.000000,326.693481
1451,4.441928,3.000000,326.693481
1452,4.445138,3.000000,326.693481
1453,4.447973,3.000000,326.693481
1454,4.450750,2.000000,326.693481
1455,4.454017,4.000000,326.693481
1456,4.456762,3.000000,326.693481
1457,4.459995,3.000000,326.693481
1458,4.463476,3.000000,326.693481
1459,4.466650,3.000000,326.693481
1460,4.469439,3.000000,326.693481
1461,4.472321,3.000000,326.693481
1462,4.475451,3.000000,326.693481
1463,4.478614,3.000000,326.693481
1464,4.482173,4.000000,326.693481
1465,4.484948,3.000000,326.693481
1466,4.488190,3.000000,326.693481
1467,4.490989,3.000000,326.693481
1468,4.494475,3.000000,326.693481
1469,4.497237,3.000000,326.693481
1470,4.500066,3.000000,326.693481
1471,4.503352,3.000000,326.693481
1472,4.506089,3.000000,326.693481
1473,4.509364,3.000000,326.693481
1474,4.512175,3.000000,326.693481
1475,4.515454,3.000000,326.693481
1476,4.518279,3.000000,326.693481
1477,4.521112,3.000000,326.693481
1478,4.524296,3.000000,326.693481
1479,4.527829,4.000000,326.693481
1480,4.530996,3.000000,326.693481
1481,4.533810,3.000000,326.693481
1482,4.537013,3.000000,326.693481
1483,4.539851,3.000000,326.693481
1484,4.543259,3.000000,326.693481
1485,4.546238,3.000000,326.693481
1486,4.549635,3.000000,326.693481
1487,4.552451,3.000000,326.693481
1488,4.555360,3.000000,326.693481
1489,4.558516,3.000000,326.693481
1490,4.561977,3.000000,326.693481
1491,4.565590,4.000000,326.693481
1492,4.567854,3.000000,326.693481
1493,4.571090,3.000000,326.693481
1494,4.573741,2.000000,326.693481
1495,4.576614,3.000000,326.693481
1496,4.579775,4.000000,326.693481
1497,4.582547,2.000000,326.693481
1498,4.585849,4.000000,326.693481
1499,4.588648,2.000000,326.693481
1500,4.592026,4.000000,326.693481
1501,4.595159,3.000000,326.693481
1502,4.598329,3.000000,326.693481
1503,4.601181,3.000000,326.693481
1504,4.603995,3.000000,326.693481
1505,4.607185,3.000000,326.693481
1506,4.610612,3.000000,326.693481
1507,4.613963,4.000000,326.693481
1508,4.617082,3.000000,326.693481
1509,4.619966,3.000000,326.693481
1510,4.622776,3.000000,326.693481
1511,4.626285,3.000000,326.693481
1512,4.629125,3.000000,326.693481
1513,4.631942,3.000000,326.693481
1514,4.635217,3.000000,326.693481
1515,4.637984,3.000000,326.693481
1516,4.641251,3.000000,326.693481
1517,4.643982,3.000000,326.693481
1518,4.647324,3.000000,326.693481
1519,4.650018,3.000000,326.693481
1520,4.652816,3.000000,326.693481
1521,4.656034,3.000000,326.693481
1522,4.659424,3.000000,326.693481
1523,4.662580,3.000000,326.693481
1524,4.665670,3.000000,326.693481
1525,4.668846,4.000000,326.693481
1526,4.671582,2.000000,326.693481
1527,4.675015,4.000000,326.693481
1528,4.677879,3.000000,326.693481
1529,4.680725,2.000000,326.693481
1530,4.683989,4.000000,326.693481
1531,4.687203,3.000000,326.693481
1532,4.690346,3.000000,326.693481
1533,4.693601,3.000000,326.693481
1534,4.696554,3.000000,326.693481
1535,4.699344,3.000000,326.693481
1536,4.702140,3.000000,326.693481
1537,4.705421,3.000000,326.693481
1538,4.708309,3.000000,326.693481
1539,4.711524,3.000000,326.693481
1540,4.714251,3.000000,326.693481
1541,4.717456,3.000000,326.693481
1542,4.720292,3.000000,326.693481
1543,4.723638,3.000000,326.693481
1544,4.726771,4.000000,326.693481
1545,4.729602,2.000000,326.693481
1546,4.732718,3.000000,326.693481
1547,4.735526,3.000000,326.693481
1548,4.738723,3.000000,326.693481
1549,4.741854,4.000000,326.693481
1550,4.745066,3.000000,326.693481
1551,4.748143,3.000000,326.693481
1552,4.750912,3.000000,326.693481
1553,4.754195,3.000000,326.693481
1554,4.757650,3.000000,326.693481
1555,4.760436,3.000000,326.693481
1556,4.763221,3.000000,326.693481
1557,4.766418,3.000000,326.693481
1558,4.769223,3.000000,326.693481
1559,4.772439,3.000000,326.693481
1560,4.775190,3.000000,326.693481
1561,4.778405,3.000000,326.693481
1562,4.781190,3.000000,326.693481
1563,4.783990,3.000000,326.693481
1564,4.787277,3.000000,326.693481
1565,4.790581,3.000000,326.693481
1566,4.793913,4.000000,326.693481
1567,4.796688,2.000000,326.693481
1568,4.799816,4.000000,326.693481
1569,4.802625,2.000000,326.693481
1570,4.805817,4.000000,326.693481
1571,4.808996,3.000000,326.693481
1572,4.811825,3.000000,326.693481
1573,4.815458,3.000000,326.693481
1574,4.818281,3.000000,326.693481
1575,4.821877,4.000000,326.693481
1576,4.824623,2.000000,326.693481
1577,4.827832,4.000000,326.693481
1578,4.830668,2.000000,326.693481
1579,4.833739,3.000000,326.693481
1580,4.836813,4.000000,326.693481
1581,4.839564,2.000000,326.693481
1582,4.842812,4.000000,326.693481
1583,4.845637,2.000000,327.345459
1584,4.848426,3.000000,327.345459
1585,4.851657,3.000000,327.345459
1586,4.855536,4.000000,327.345459
1587,4.858315,3.000000,327.345459
1588,4.861177,3.000000,327.345459
1589,4.864310,3.000000,327.345459
1590,4.867492,3.000000,327.345459
1591,4.870395,3.000000,327.345459
1592,4.873464,3.000000,327.345459
1593,4.876307,3.000000,327.345459
1594,4.879597,3.000000,327.345459
1595,4.882362,3.000000,327.345459
1596,4.885589,3.000000,327.345459
1597,4.888765,4.000000,327.345459
1598,4.892004,3.000000,327.345459
1599,4.894893,3.000000,327.345459
1600,4.898016,3.000000,327.345459
1601,4.900816,3.000000,327.345459
1602,4.903750,2.000000,327.345459
1603,4.906868,4.000000,327.345459
1604,4.909802,2.000000,327.345459
1605,4.912960,4.000000,327.345459
1606,4.915717,2.000000,327.345459
1607,4.919323,4.000000,327.345459
1608,4.922368,3.000000,327.345459
1609,4.925558,3.000000,327.345459
1610,4.928427,3.000000,327.345459
1611,4.931612,3.000000,327.345459
1612,4.934449,3.000000,327.345459
1613,4.937538,3.000000,327.345459
1614,4.941377,4.000000,327.345459
1615,4.944043,3.000000,327.345459
1616,4.947143,3.000000,327.345459
1617,4.949970,3.000000,327.345459
1618,4.953448,3.000000,327.345459
1619,4.956260,3.000000,327.345459
1620,4.959088,3.000000,327.345459
1621,4.962313,3.000000,327.345459
1622,4.965075,3.000000,327.345459
1623,4.968343,3.000000,327.345459
1624,4.971118,3.000000,327.345459
1625,4.974320,3.000000,327.345459
1626,4.977184,3.000000,327.345459
1627,4.979954,3.000000,327.345459
1628,4.983176,3.000000,327.345459
1629,4.986593,3.000000,327.345459
1630,4.989802,4.000000,327.345459
1631,4.992694,2.000000,327.345459
1632,4.995796,4.000000,327.345459
1633,4.998669,2.000000,327.345459
1634,5.002021,4.000000,327.345459
1635,5.005285,3.000000,327.345459
1636,5.008129,3.000000,327.345459
1637,5.010983,3.000000,327.345459
1638,5.013742,2.000000,327.345459
1639,5.017375,4.000000,327.345459
1640,5.020146,3.000000,327.345459
1641,5.023328,3.000000,327.345459
1642,5.026128,3.000000,327.345459
1643,5.029395,3.000000,327.345459
1644,5.032183,3.000000,327.345459
1645,5.034996,3.000000,327.345459
1646,5.038262,3.000000,327.345459
1647,5.041102,3.000000,327.345459
1648,5.044222,3.000000,327.345459
1649,5.047300,3.000000,327.345459
1650,5.051365,4.000000,327.345459
1651,5.054139,3.000000,327.345459
1652,5.057338,3.000000,327.345459
1653,5.060149,3.000000,327.345459
1654,5.063377,3.000000,327.345459
1655,5.066238,3.000000,327.345459
1656,5.069279,3.000000,327.345459
1657,5.072504,3.000000,327.345459
1658,5.075322,3.000000,327.345459
1659,5.078581,3.000000,327.345459
1660,5.081340,3.000000,327.345459
1661,5.084820,4.000000,327.345459
1662,5.087613,2.000000,327.345459
1663,5.090435,3.000000,327.345459
1664,5.093592,3.000000,327.345459
1665,5.096404,3.000000,327.345459
1666,5.099621,3.000000,327.345459
1667,5.102438,3.000000,327.345459
1668,5.105611,3.000000,327.345459
1669,5.108398,3.000000,327.345459
1670,5.111225,3.000000,327.345459
1671,5.114766,4.000000,327.345459
1672,5.117887,3.000000,327.345459
1673,5.121076,3.000000,327.345459
1674,5.123812,3.000000,327.345459
1675,5.127109,3.000000,327.345459
1676,5.129833,3.000000,327.345459
1677,5.133114,3.000000,327.345459
1678,5.136472,3.000000,327.345459
1679,5.139263,3.000000,327.345459
1680,5.142440,3.000000,327.345459
1681,5.145357,3.000000,327.345459
1682,5.148793,4.000000,327.345459
1683,5.151543,2.000000,327.345459
1684,5.154752,4.000000,327.345459
1685,5.157551,2.000000,327.345459
1686,5.160376,3.000000,327.345459
1687,5.163537,3.000000,327.345459
1688,5.166417,3.000000,327.345459
1689,5.169520,3.000000,327.345459
1690,5.172456,3.000000,327.345459
1691,5.175546,3.000000,327.345459
1692,5.178373,3.000000,327.345459
1693,5.181950,4.000000,327.345459
1694,5.184724,2.000000,327.345459
1695,5.187854,4.000000,327.345459
1696,5.191047,3.000000,327.345459
1697,5.193897,3.000000,327.345459
1698,5.197539,3.000000,327.345459
1699,5.200171,3.000000,327.345459
1700,5.203493,3.000000,327.345459
1701,5.206307,3.000000,327.345459
1702,5.209557,3.000000,327.345459
1703,5.212343,3.000000,327.345459
1704,5.215500,3.000000,327.345459
1705,5.218813,4.000000,327.345459
1706,5.221663,2.000000,327.345459
1707,5.224898,4.000000,327.345459
1708,5.227614,2.000000,327.345459
1709,5.230766,4.000000,327.345459
1710,5.233660,2.000000,327.345459
1711,5.236427,3.000000,327.345459
1712,5.239623,3.000000,327.345459
1713,5.242531,3.000000,327.345459
1714,5.246012,4.000000,327.345459
1715,5.249092,3.000000,327.345459
1716,5.252332,3.000000,327.345459
1717,5.255153,3.000000,327.345459
1718,5.258425,3.000000,327.345459
1719,5.261159,3.000000,327.345459
1720,5.264308,3.000000,327.345459
1721,5.267850,4.000000,327.345459
1722,5.270716,2.000000,327.345459
1723,5.273997,4.000000,327.345459
1724,5.276711,2.000000,327.345459
1725,5.280195,4.000000,327.345459
1726,5.282975,3.000000,327.345459
1727,5.286183,3.000000,327.345459
1728,5.288998,3.000000,327.345459
1729,5.291867,3.000000,327.345459
1730,5.295104,3.000000,327.345459
1731,5.298366,3.000000,327.345459
1732,5.301089,3.000000,327.345459
1733,5.303899,3.000000,327.345459
1734,5.307151,3.000000,327.345459
1735,5.310006,3.000000,327.345459
1736,5.313372,3.000000,327.345459
1737,5.316551,3.000000,327.345459
1738,5.319452,3.000000,327.345459
1739,5.322629,3.000000,327.345459
1740,5.325464,3.000000,327.345459
1741,5.328807,4.000000,327.345459
1742,5.331617,2.000000,327.345459
1743,5.334708,3.000000,327.345459
1744,5.338080,4.000000,327.345459
1745,5.340925,3.000000,327.345459
1746,5.344440,3.000000,327.345459
1747,5.347288,3.000000,326.693359
1748,5.350457,3.000000,326.693359
1749,5.353313,3.000000,326.693359
1750,5.356490,3.000000,326.693359
1751,5.359316,3.000000,326.693359
1752,5.362549,3.000000,326.693359
1753,5.365335,3.000000,326.693359
1754,5.368208,3.000000,326.693359
1755,5.371397,3.000000,326.693359
1756,5.374264,3.000000,326.693359
1757,5.377850,4.000000,326.693359
1758,5.380689,2.000000,326.693359
1759,5.383924,4.000000,326.693359
1760,5.386692,2.000000,326.693359
1761,5.389526,3.000000,326.693359
1762,5.393173,4.000000,326.693359
1763,5.395883,3.000000,326.693359
1764,5.399388,3.000000,326.693359
1765,5.402256,3.000000,326.693359
1766,5.405341,3.000000,326.693359
1767,5.408161,3.000000,326.693359
1768,5.411719,3.000000,326.693359
1769,5.414627,3.000000,326.693359
1770,5.417793,4.000000,326.693359
1771,5.420580,2.000000,326.693359
1772,5.423425,3.000000,326.693359
1773,5.426731,3.000000,326.693359
1774,5.429639,3.000000,326.693359
1775,5.432687,3.000000,326.693359
1776,5.435513,3.000000,326.693359
1777,5.438706,3.000000,326.693359
1778,5.442192,4.000000,326.693359
1779,5.445034,3.000000,326.693359
1780,5.448148,3.000000,326.693359
1781,5.451036,3.000000,326.693359
1782,5.454223,3.000000,326.693359
1783,5.457036,3.000000,326.693359
1784,5.460592,3.000000,326.693359
1785,5.463333,3.000000,326.693359
1786,5.466389,3.000000,326.693359
1787,5.469768,4.000000,326.693359
1788,5.472997,3.000000,326.693359
1789,5.476191,3.000000,326.693359
1790,5.478932,3.000000,326.693359
1791,5.482159,3.000000,326.693359
1792,5.485033,3.000000,326.693359
1793,5.488231,3.000000,326.693359
1794,5.491034,3.000000,326.693359
1795,5.494244,3.000000,326.693359
1796,5.497048,3.000000,326.693359
1797,5.499907,3.000000,326.693359
1798,5.503128,3.000000,326.693359
1799,5.505977,3.000000,326.693359
1800,5.509570,3.000000,326.693359
1801,5.512365,3.000000,326.693359
1802,5.515618,3.000000,326.693359
1803,5.518467,3.000000,326.693359
1804,5.521290,3.000000,326.693359
1805,5.524721,3.000000,326.693359
1806,5.527572,3.000000,326.693359
1807,5.531074,4.000000,326.693359
1808,5.533835,3.000000,326.693359
1809,5.537075,3.000000,326.693359
1810,5.540236,3.000000,326.693359
1811,5.543413,3.000000,326.693359
1812,5.546206,3.000000,326.693359
1813,5.549463,3.000000,326.693359
1814,5.552235,3.000000,326.693359
1815,5.555269,3.000000,326.693359
1816,5.558304,3.000000,326.693359
1817,5.561124,3.000000,326.693359
1818,5.564355,3.000000,326.693359
1819,5.567171,3.000000,326.693359
1820,5.570409,3.000000,326.693359
1821,5.573726,3.000000,326.693359
1822,5.576592,3.000000,326.693359
1823,5.579796,4.000000,326.693359
1824,5.582621,2.000000,326.693359
1825,5.585879,4.000000,326.693359
1826,5.589002,3.000000,326.693359
1827,5.592150,3.000000,326.693359
1828,5.594933,3.000000,326.693359
1829,5.597755,3.000000,326.693359
1830,5.601140,3.000000,326.693359
1831,5.604203,3.000000,326.693359
1832,5.607364,3.000000,326.693359
1833,5.610254,3.000000,326.693359
1834,5.613399,3.000000,326.693359
1835,5.616275,3.000000,326.693359
1836,5.619448,3.000000,326.693359
1837,5.622225,3.000000,326.693359
1838,5.625060,3.000000,326.693359
1839,5.628419,3.000000,326.693359
1840,5.631179,3.000000,326.693359
1841,5.634391,3.000000,326.693359
1842,5.637767,4.000000,326.693359
1843,5.640951,3.000000,326.693359
1844,5.643748,3.000000,326.693359
1845,5.647008,3.000000,326.693359
1846,5.649761,3.000000,326.693359
1847,5.652620,2.000000,326.693359
1848,5.656013,4.000000,326.693359
1849,5.658770,3.000000,326.693359
1850,5.662081,3.000000,326.693359
1851,5.665250,3.000000,326.693359
1852,5.668345,3.000000,326.693359
1853,5.671438,3.000000,326.693359
1854,5.674642,3.000000,326.693359
1855,5.677473,3.000000,326.693359
1856,5.680323,3.000000,326.693359
1857,5.683513,3.000000,326.693359
1858,5.686358,3.000000,326.693359
1859,5.689568,3.000000,326.693359
1860,5.692380,3.000000,326.693359
1861,5.695239,3.000000,326.693359
1862,5.698405,3.000000,326.693359
1863,5.701556,3.000000,326.693359
1864,5.704891,4.000000,326.693359
1865,5.707779,2.000000,326.693359
1866,5.711247,4.000000,326.693359
1867,5.713952,3.000000,326.693359
1868,5.717185,3.000000,326.693359
1869,5.720254,3.000000,326.693359
1870,5.723516,3.000000,326.693359
1871,5.726346,3.000000,326.693359
1872,5.729106,3.000000,326.693359
1873,5.732734,4.000000,326.693359
1874,5.735970,3.000000,326.693359
1875,5.739136,3.000000,326.693359
1876,5.741934,3.000000,326.693359
1877,5.745166,3.000000,326.693359
1878,5.748026,3.000000,326.693359
1879,5.750836,3.000000,326.693359
1880,5.754106,3.000000,326.693359
1881,5.756914,3.000000,326.693359
1882,5.760157,3.000000,326.693359
1883,5.762931,3.000000,326.693359
1884,5.766158,3.000000,326.693359
1885,5.769536,3.000000,326.693359
1886,5.772756,4.000000,326.693359
1887,5.775588,2.000000,326.693359
1888,5.778805,4.000000,326.693359
1889,5.781604,2.000000,326.693359
1890,5.784792,4.000000,326.693359
1891,5.788407,3.000000,326.693359
1892,5.791387,3.000000,326.693359
1893,5.794557,3.000000,326.693359
1894,5.797361,3.000000,326.693359
1895,5.800938,4.000000,326.693359
1896,5.803736,3.000000,326.693359
1897,5.806957,3.000000,326.693359
1898,5.809816,3.000000,326.693359
1899,5.812670,2.000000,326.693359
1900,5.815926,4.000000,326.693359
1901,5.818706,2.000000,326.693359
1902,5.821897,4.000000,326.693359
1903,5.824738,2.000000,326.693359
1904,5.827569,3.000000,326.693359
1905,5.830795,4.000000,326.693359
1906,5.834486,3.000000,326.693359
1907,5.837227,3.000000,326.693359
1908,5.840082,3.000000,326.693359
1909,5.843386,3.000000,326.693359
1910,5.846097,3.000000,326.693359
1911,5.850183,4.000000,326.043915
1912,5.853161,3.000000,326.043915
1913,5.855776,3.000000,326.043915
1914,5.858858,3.000000,326.043915
1915,5.862371,3.000000,326.043915
1916,5.865087,3.000000,326.043915
1917,5.868275,3.000000,326.043915
1918,5.871535,3.000000,326.043915
1919,5.874295,3.000000,326.043915
1920,5.877494,3.000000,326.043915
1921,5.880286,3.000000,326.043915
1922,5.883553,3.000000,326.043915
1923,5.886380,3.000000,326.043915
1924,5.889287,3.000000,326.043915
1925,5.892449,3.000000,326.043915
1926,5.895409,3.000000,326.043915
1927,5.898496,3.000000,326.043915
1928,5.901812,4.000000,326.043915
1929,5.905051,3.000000,326.043915
1930,5.907903,3.000000,326.043915
1931,5.910738,2.000000,326.043915
1932,5.913878,4.000000,326.043915
1933,5.916959,3.000000,326.043915
1934,5.920228,3.000000,326.043915
1935,5.923145,3.000000,326.043915
1936,5.926294,3.000000,326.043915
1937,5.929033,3.000000,326.043915
1938,5.932488,3.000000,326.043915
1939,5.935314,3.000000,326.043915
1940,5.938529,3.000000,326.043915
1941,5.941342,3.000000,326.043915
1942,5.944194,3.000000,326.043915
1943,5.947375,3.000000,326.043915
1944,5.950329,3.000000,326.043915
1945,5.953422,3.000000,326.043915
1946,5.956243,3.000000,326.043915
1947,5.959097,3.000000,326.043915
1948,5.962314,3.000000,326.043915
1949,5.965716,3.000000,326.043915
1950,5.968871,4.000000,326.043915
1951,5.971804,2.000000,326.043915
1952,5.974896,4.000000,326.043915
1953,5.977702,2.000000,326.043915
1954,5.981155,4.000000,326.043915
1955,5.983884,3.000000,326.043915
1956,5.986957,3.000000,326.043915
1957,5.990393,3.000000,326.043915
1958,5.993262,3.000000,326.043915
1959,5.996721,3.000000,326.043915
1960,5.999654,3.000000,326.043915
1961,6.002765,4.000000,326.043915
1962,6.005599,2.000000,326.043915
1963,6.008819,4.000000,326.043915
1964,6.011627,2.000000,326.043915
1965,6.014480,3.000000,326.043915
1966,6.017685,3.000000,326.043915
1967,6.020547,3.000000,326.043915
1968,6.023708,3.000000,326.043915
1969,6.026551,3.000000,326.043915
1970,6.030331,4.000000,326.043915
1971,6.033220,3.000000,326.043915
1972,6.036292,3.000000,326.043915
1973,6.039109,3.000000,326.043915
1974,6.042317,3.000000,326.043915
1975,6.045190,3.000000,326.043915
1976,6.048337,3.000000,326.043915
1977,6.051707,3.000000,326.043915
1978,6.054543,3.000000,326.043915
1979,6.057809,4.000000,326.043915
1980,6.060710,2.000000,326.043915
1981,6.064305,4.000000,326.043915
1982,6.067120,3.000000,326.043915
1983,6.069837,3.000000,326.043915
1984,6.072964,3.000000,326.043915
1985,6.075841,3.000000,326.043915
1986,6.079019,3.000000,326.043915
1987,6.081826,3.000000,326.043915
1988,6.085016,3.000000,326.043915
1989,6.087829,3.000000,326.043915
1990,6.090629,2.000000,326.043915
1991,6.094219,4.000000,326.043915
1992,6.097357,3.000000,326.043915
1993,6.100462,3.000000,326.043915
1994,6.103374,3.000000,326.043915
1995,6.106557,3.000000,326.043915
1996,6.109353,3.000000,326.043915
1997,6.112886,4.000000,326.043915
1998,6.116012,3.000000,326.043915
1999,6.119224,3.000000,326.043915
2000,6.122084,3.000000,326.043915
2001,6.124907,3.000000,326.043915
2002,6.128477,3.000000,326.043915
2003,6.131316,3.000000,326.043915
2004,6.134485,3.000000,326.043915
2005,6.137297,3.000000,326.043915
2006,6.140502,3.000000,326.043915
2007,6.143267,3.000000,326.043915
2008,6.146153,3.000000,326.043915
2009,6.149327,3.000000,326.043915
2010,6.152229,3.000000,326.043915
2011,6.155363,3.000000,326.043915
2012,6.158182,3.000000,326.043915
2013,6.161902,4.000000,326.043915
2014,6.164757,2.000000,326.043915
2015,6.167916,4.000000,326.043915
2016,6.170690,2.000000,326.043915
2017,6.173698,3.000000,326.043915
2018,6.177205,4.000000,326.043915
2019,6.179837,3.000000,326.043915
2020,6.183309,3.000000,326.043915
2021,6.186347,3.000000,326.043915
2022,6.189563,3.000000,326.043915
2023,6.192735,4.000000,326.043915
2024,6.195885,3.000000,326.043915
2025,6.198709,2.000000,326.043915
2026,6.201539,3.000000,326.043915
2027,6.204753,4.000000,326.043915
2028,6.207616,2.000000,326.043915
2029,6.210778,4.000000,326.043915
2030,6.213855,2.000000,326.043915
2031,6.217204,4.000000,326.043915
2032,6.219658,2.000000,326.043915
2033,6.222482,3.000000,326.043915
2034,6.226360,4.000000,326.043915
2035,6.229092,3.000000,326.043915
2036,6.232591,3.000000,326.043915
2037,6.235576,3.000000,326.043915
2038,6.238607,3.000000,326.043915
2039,6.241520,3.000000,326.043915
2040,6.244967,4.000000,326.043915
2041,6.248012,3.000000,326.043915
2042,6.251216,3.000000,326.043915
2043,6.254013,3.000000,326.043915
2044,6.256894,3.000000,326.043915
2045,6.260253,3.000000,326.043915
2046,6.263103,3.000000,326.043915
2047,6.266277,3.000000,326.043915
2048,6.269069,3.000000,326.043915
2049,6.272290,3.000000,326.043915
2050,6.275200,3.000000,326.043915
2051,6.278160,3.000000,326.043915
2052,6.281422,3.000000,326.043915
2053,6.284312,3.000000,326.043915
2054,6.287277,3.000000,326.043915
2055,6.290395,3.000000,326.043915
2056,6.293915,4.000000,326.043915
2057,6.296702,2.000000,326.043915
2058,6.299953,4.000000,326.043915
2059,6.302760,3.000000,326.043915
2060,6.305851,3.000000,326.043915
2061,6.309013,3.000000,326.043915
2062,6.312085,3.000000,326.043915
2063,6.315323,3.000000,326.043915
2064,6.318429,3.000000,326.043915
2065,6.321584,3.000000,326.043915
2066,6.324745,4.000000,326.043915
2067,6.327929,3.000000,326.043915
2068,6.330744,3.000000,326.043915
2069,6.333586,2.000000,326.043915
2070,6.336775,4.000000,326.043915
2071,6.340388,2.000000,326.043915
2072,6.342988,4.000000,326.043915
2073,6.345644,2.000000,326.043915
2074,6.349223,4.000000,326.043915
2075,6.351730,3.000000,326.693359
2076,6.354570,2.000000,326.693359
2077,6.358239,4.000000,326.693359
2078,6.360995,3.000000,326.693359
2079,6.364329,3.000000,326.693359
2080,6.367024,3.000000,326.693359
2081,6.370255,3.000000,326.693359
2082,6.373443,3.000000,326.693359
2083,6.376626,3.000000,326.693359
2084,6.379409,3.000000,326.693359
2085,6.382436,3.000000,326.693359
2086,6.385931,4.000000,326.693359
2087,6.389133,3.000000,326.693359
2088,6.392202,3.000000,326.693359
2089,6.394989,3.000000,326.693359
2090,6.398320,3.000000,326.693359
2091,6.401351,3.000000,326.693359
2092,6.404300,3.000000,326.693359
2093,6.407078,3.000000,326.693359
2094,6.409969,3.000000,326.693359
2095,6.413165,3.000000,326.693359
2096,6.415939,3.000000,326.693359
2097,6.419144,3.000000,326.693359
2098,6.422586,3.000000,326.693359
2099,6.425754,4.000000,326.693359
2100,6.428583,2.000000,326.693359
2101,6.431810,4.000000,326.693359
2102,6.434607,2.000000,326.693359
2103,6.437692,3.000000,326.693359
2104,6.440985,4.000000,326.693359
2105,6.443859,3.000000,326.693359
2106,6.447471,3.000000,326.693359
2107,6.450091,3.000000,326.693359
2108,6.453288,3.000000,326.693359
2109,6.456406,3.000000,326.693359
2110,6.459696,3.000000,326.693359
2111,6.462458,3.000000,326.693359
2112,6.465328,3.000000,326.693359
2113,6.468566,3.000000,326.693359
2114,6.471415,3.000000,326.693359
2115,6.474539,3.000000,326.693359
2116,6.477375,3.000000,326.693359
2117,6.480659,3.000000,326.693359
2118,6.483482,3.000000,326.693359
2119,6.486679,3.000000,326.693359
2120,6.489929,4.000000,326.693359
2121,6.492740,3.000000,326.693359
2122,6.495986,3.000000,326.693359
2123,6.498780,3.000000,326.693359
2124,6.502089,3.000000,326.693359
2125,6.505115,3.000000,326.693359
2126,6.508374,3.000000,326.693359
2127,6.511155,3.000000,326.693359
2128,6.514248,3.000000,326.693359
2129,6.517561,3.000000,326.693359
2130,6.520973,4.000000,326.693359
2131,6.524212,3.000000,326.693359
2132,6.527009,3.000000,326.693359
2133,6.530188,3.000000,326.693359
2134,6.533039,3.000000,326.693359
2135,6.536229,3.000000,326.693359
2136,6.539041,3.000000,326.693359
2137,6.541923,3.000000,326.693359
2138,6.545184,3.000000,326.693359
2139,6.548044,3.000000,326.693359
2140,6.551133,3.000000,326.693359
2141,6.554467,3.000000,326.693359
2142,6.557692,3.000000,326.693359
2143,6.560743,3.000000,326.693359
2144,6.564127,4.000000,326.693359
2145,6.566542,2.000000,326.693359
2146,6.569418,3.000000,326.693359
2147,6.572602,3.000000,326.693359
2148,6.575698,3.000000,326.693359
2149,6.578926,4.000000,326.693359
2150,6.581895,3.000000,326.693359
2151,6.585321,3.000000,326.693359
2152,6.588680,3.000000,326.693359
2153,6.591508,3.000000,326.693359
2154,6.594216,3.000000,326.693359
2155,6.597078,3.000000,326.693359
2156,6.600198,3.000000,326.693359
2157,6.602977,3.000000,326.693359
2158,6.606188,3.000000,326.693359
2159,6.608984,3.000000,326.693359
2160,6.612172,3.000000,326.693359
2161,6.614951,3.000000,326.693359
2162,6.617882,3.000000,326.693359
2163,6.621471,3.000000,326.693359
2164,6.624293,3.000000,326.693359
2165,6.627527,3.000000,326.693359
2166,6.630282,3.000000,326.693359
2167,6.633418,3.000000,326.693359
2168,6.636517,3.000000,326.693359
2169,6.639456,3.000000,326.693359
2170,6.642618,3.000000,326.693359
2171,6.645376,3.000000,326.693359
2172,6.648805,4.000000,326.693359
2173,6.652785,3.000000,326.693359
2174,6.655526,3.000000,326.693359
2175,6.657949,3.000000,326.693359
2176,6.660665,2.000000,326.693359
2177,6.664311,4.000000,326.693359
2178,6.667211,3.000000,326.693359
2179,6.669891,3.000000,326.693359
2180,6.672652,2.000000,326.693359
2181,6.675882,4.000000,326.693359
2182,6.679057,3.000000,326.693359
2183,6.682608,3.000000,326.693359
2184,6.685413,3.000000,326.693359
2185,6.688603,3.000000,326.693359
2186,6.691465,3.000000,326.693359
2187,6.694242,3.000000,326.693359
2188,6.697700,3.000000,326.693359
2189,6.701120,3.000000,326.693359
2190,6.703779,4.000000,326.693359
2191,6.706791,3.000000,326.693359
2192,6.709930,3.000000,326.693359
2193,6.713061,3.000000,326.693359
2194,6.715888,3.000000,326.693359
2195,6.719090,3.000000,326.693359
2196,6.722009,3.000000,326.693359
2197,6.725149,3.000000,326.693359
2198,6.728188,3.000000,326.693359
2199,6.731481,3.000000,326.693359
2200,6.733977,3.000000,326.693359
2201,6.736857,3.000000,326.693359
2202,6.740280,3.000000,326.693359
2203,6.743456,3.000000,326.693359
2204,6.746639,3.000000,326.693359
2205,6.749754,4.000000,326.693359
2206,6.752932,3.000000,326.693359
2207,6.755742,2.000000,326.693359
2208,6.759257,4.000000,326.693359
2209,6.762027,3.000000,326.693359
2210,6.765138,3.000000,326.693359
2211,6.768545,3.000000,326.693359
2212,6.771538,3.000000,326.693359
2213,6.775009,4.000000,326.693359
2214,6.777685,2.000000,326.693359
2215,6.780912,4.000000,326.693359
2216,6.783715,2.000000,326.693359
2217,6.786945,4.000000,326.693359
2218,6.789740,2.000000,326.693359
2219,6.792548,3.000000,326.693359
2220,6.795758,3.000000,326.693359
2221,6.798598,3.000000,326.693359
2222,6.802037,4.000000,326.693359
2223,6.805289,3.000000,326.693359
2224,6.808404,3.000000,326.693359
2225,6.811209,3.000000,326.693359
2226,6.814457,3.000000,326.693359
2227,6.817176,3.000000,326.693359
2228,6.820308,3.000000,326.693359
2229,6.823864,4.000000,326.693359
2230,6.826669,2.000000,326.693359
2231,6.830035,4.000000,326.693359
2232,6.832841,3.000000,326.693359
2233,6.836417,3.000000,326.693359
2234,6.839052,3.000000,326.693359
2235,6.842241,3.000000,326.693359
2236,6.845079,3.000000,326.693359
2237,6.847931,3.000000,326.693359
2238,6.851111,3.000000,326.693359
2239,6.853947,3.000000,326.693390
2240,6.857109,3.000000,326.693390
2241,6.860613,3.000000,326.693390
2242,6.863683,3.000000,326.693390
2243,6.866600,3.000000,326.693390
2244,6.869299,3.000000,326.693390
2245,6.872486,3.000000,326.693390
2246,6.875306,3.000000,326.693390
2247,6.878502,3.000000,326.693390
2248,6.881907,4.000000,326.693390
2249,6.885493,3.000000,326.693390
2250,6.888041,3.000000,326.693390
2251,6.891217,3.000000,326.693390
2252,6.894850,4.000000,326.693390
2253,6.897716,2.000000,326.693390
2254,6.900570,3.000000,326.693390
2255,6.903696,3.000000,326.693390
2256,6.906519,3.000000,326.693390
2257,6.909154,3.000000,326.693390
2258,6.912201,3.000000,326.693390
2259,6.915271,3.000000,326.693390
2260,6.917880,3.000000,326.693390
2261,6.921057,3.000000,326.693390
2262,6.927625,6.000000,326.693390
2263,6.930335,3.000000,326.693390
2264,6.932898,3.000000,326.693390
2265,6.935566,2.000000,326.693390
2266,6.937988,3.000000,326.693390
2267,6.940977,3.000000,326.693390
2268,6.947433,6.000000,326.693390
2269,6.950493,3.000000,326.693390
2270,6.953097,3.000000,326.693390
2271,6.956569,3.000000,326.693390
2272,6.959113,3.000000,326.693390
2273,6.961781,3.000000,326.693390
2274,6.965161,3.000000,326.693390
2275,6.968335,3.000000,326.693390
2276,6.971266,3.000000,326.693390
2277,6.974300,3.000000,326.693390
2278,6.976966,3.000000,326.693390
2279,6.979793,3.000000,326.693390
2280,6.982976,3.000000,326.693390
2281,6.985815,3.000000,326.693390
2282,6.989108,3.000000,326.693390
2283,6.992104,3.000000,326.693390
2284,6.995759,3.000000,326.693390
2285,6.999592,4.000000,326.693390
2286,7.002477,3.000000,326.693390
2287,7.005240,3.000000,326.693390
2288,7.008782,4.000000,326.693390
2289,7.011925,3.000000,326.693390
2290,7.015141,3.000000,326.693390
2291,7.017933,3.000000,326.693390
2292,7.020705,2.000000,326.693390
2293,7.024704,4.000000,326.693390
2294,7.027453,3.000000,326.693390
2295,7.030387,3.000000,326.693390
2296,7.033159,3.000000,326.693390
2297,7.036352,3.000000,326.693390
2298,7.039159,3.000000,326.693390
2299,7.041939,3.000000,326.693390
2300,7.045200,3.000000,326.693390
2301,7.047970,3.000000,326.693390
2302,7.051497,3.000000,326.693390
2303,7.054536,3.000000,326.693390
2304,7.057710,3.000000,326.693390
2305,7.060521,3.000000,326.693390
2306,7.064454,4.000000,326.693390
2307,7.067146,3.000000,326.693390
2308,7.070066,3.000000,326.693390
2309,7.073273,3.000000,326.693390
2310,7.076142,3.000000,326.693390
2311,7.079673,3.000000,326.693390
2312,7.082468,3.000000,326.693390
2313,7.085647,3.000000,326.693390
2314,7.088823,4.000000,326.693390
2315,7.091994,3.000000,326.693390
2316,7.094773,3.000000,326.693390
2317,7.097554,2.000000,326.693390
2318,7.100781,4.000000,326.693390
2319,7.103765,2.000000,326.693390
2320,7.106909,4.000000,326.693390
2321,7.109626,2.000000,326.693390
2322,7.112875,4.000000,326.693390
2323,7.116005,3.000000,326.693390
2324,7.119055,3.000000,326.693390
2325,7.122311,3.000000,326.693390
2326,7.125912,4.000000,326.693390
2327,7.128675,2.000000,326.693390
2328,7.131577,3.000000,326.693390
2329,7.134994,4.000000,326.693390
2330,7.137816,3.000000,326.693390
2331,7.140992,3.000000,326.693390
2332,7.143832,3.000000,326.693390
2333,7.147101,3.000000,326.693390
2334,7.150126,3.000000,326.693390
2335,7.153721,3.000000,326.693390
2336,7.156527,3.000000,326.693390
2337,7.159419,3.000000,326.693390
2338,7.162609,3.000000,326.693390
2339,7.165383,3.000000,326.693390
2340,7.168605,3.000000,326.693390
2341,7.171437,3.000000,326.693390
2342,7.174607,3.000000,326.693390
2343,7.177421,3.000000,326.693390
2344,7.180833,4.000000,326.693390
2345,7.184014,3.000000,326.693390
2346,7.186831,3.000000,326.693390
2347,7.190361,3.000000,326.693390
2348,7.193111,3.000000,326.693390
2349,7.196323,3.000000,326.693390
2350,7.199401,3.000000,326.693390
2351,7.202613,3.000000,326.693390
2352,7.205817,4.000000,326.693390
2353,7.208627,2.000000,326.693390
2354,7.211945,4.000000,326.693390
2355,7.215120,3.000000,326.693390
2356,7.218284,3.000000,326.693390
2357,7.221067,3.000000,326.693390
2358,7.224308,3.000000,326.693390
2359,7.227115,3.000000,326.693390
2360,7.229988,3.000000,326.693390
2361,7.233121,3.000000,326.693390
2362,7.235980,3.000000,326.693390
2363,7.239175,3.000000,326.693390
2364,7.242321,3.000000,326.693390
2365,7.245804,4.000000,326.693390
2366,7.248600,2.000000,326.693390
2367,7.251838,4.000000,326.693390
2368,7.255069,3.000000,326.693390
2369,7.257840,3.000000,326.693390
2370,7.261245,3.000000,326.693390
2371,7.264516,3.000000,326.693390
2372,7.267844,4.000000,326.693390
2373,7.270686,2.000000,326.693390
2374,7.273880,4.000000,326.693390
2375,7.276687,2.000000,326.693390
2376,7.280128,4.000000,326.693390
2377,7.282922,3.000000,326.693390
2378,7.286180,3.000000,326.693390
2379,7.289175,3.000000,326.693390
2380,7.291873,3.000000,326.693390
2381,7.295057,3.000000,326.693390
2382,7.297884,3.000000,326.693390
2383,7.301104,3.000000,326.693390
2384,7.303868,3.000000,326.693390
2385,7.307564,3.000000,326.693390
2386,7.310473,3.000000,326.693390
2387,7.313407,3.000000,326.693390
2388,7.316883,4.000000,326.693390
2389,7.319867,3.000000,326.693390
2390,7.323833,4.000000,326.693390
2391,7.328613,4.000000,326.693390
2392,7.331455,3.000000,326.693390
2393,7.334146,3.000000,326.693390
2394,7.336627,2.000000,326.693390
2395,7.338983,3.000000,326.693390
2396,7.342136,3.000000,326.693390
2397,7.344921,3.000000,326.693390
2398,7.347996,3.000000,326.693390
2399,7.351535,3.000000,326.693390
2400,7.354234,3.000000,326.693390
2401,7.357788,4.000000,321.428711
2402,7.360752,3.000000,321.428711
2403,7.363878,3.000000,321.428711
2404,7.366723,2.000000,321.428711
2405,7.369929,4.000000,321.428711
2406,7.372677,2.000000,321.428711
2407,7.375712,3.000000,321.428711
2408,7.378720,3.000000,321.428711
2409,7.381813,4.000000,321.428711
2410,7.384851,3.000000,321.428711
2411,7.387889,3.000000,321.428711
2412,7.391161,3.000000,321.428711
2413,7.394234,3.000000,321.428711
2414,7.397687,3.000000,321.428711
2415,7.400980,4.000000,321.428711
2416,7.403800,3.000000,321.428711
2417,7.414826,8.000000,321.428711
2418,7.420702,8.000000,321.428711
2419,7.423935,4.000000,321.428711
2420,7.426957,3.000000,321.428711
2421,7.429802,2.000000,321.428711
2422,7.433558,4.000000,321.428711
2423,7.436632,3.000000,321.428711
2424,7.440410,4.000000,321.428711
2425,7.444452,4.000000,321.428711
2426,7.447853,4.000000,321.428711
2427,7.450450,2.000000,321.428711
2428,7.453605,3.000000,321.428711
2429,7.455971,3.000000,321.428711
2430,7.458567,2.000000,321.428711
2431,7.461344,3.000000,321.428711
2432,7.463774,3.000000,321.428711
2433,7.466311,2.000000,321.428711
2434,7.468946,3.000000,321.428711
2435,7.471932,3.000000,321.428711
2436,7.475102,3.000000,321.428711
2437,7.477848,3.000000,321.428711
2438,7.481262,3.000000,321.428711
2439,7.484039,3.000000,321.428711
2440,7.487395,3.000000,321.428711
2441,7.490223,3.000000,321.428711
2442,7.493055,3.000000,321.428711
2443,7.497106,4.000000,321.428711
2444,7.502055,5.000000,321.428711
2445,7.504606,2.000000,321.428711
2446,7.507183,3.000000,321.428711
2447,7.510037,3.000000,321.428711
2448,7.512818,3.000000,321.428711
2449,7.516399,3.000000,321.428711
2450,7.519249,3.000000,321.428711
2451,7.523913,5.000000,321.428711
2452,7.526644,2.000000,321.428711
2453,7.529395,3.000000,321.428711
2454,7.532563,3.000000,321.428711
2455,7.535714,3.000000,321.428711
2456,7.539196,4.000000,321.428711
2457,7.541855,3.000000,321.428711
2458,7.545093,3.000000,321.428711
2459,7.547900,3.000000,321.428711
2460,7.551236,3.000000,321.428711
2461,7.554027,3.000000,321.428711
2462,7.557845,4.000000,321.428711
2463,7.560944,3.000000,321.428711
2464,7.564624,3.000000,321.428711
2465,7.567690,3.000000,321.428711
2466,7.571117,4.000000,321.428711
2467,7.573855,3.000000,321.428711
2468,7.576721,2.000000,321.428711
2469,7.580082,4.000000,321.428711
2470,7.583099,3.000000,321.428711
2471,7.586327,3.000000,321.428711
2472,7.589137,3.000000,321.428711
2473,7.593209,4.000000,321.428711
2474,7.595947,3.000000,321.428711
2475,7.599831,4.000000,321.428711
2476,7.602570,2.000000,321.428711
2477,7.606003,4.000000,321.428711
2478,7.608757,2.000000,321.428711
2479,7.612094,4.000000,321.428711
2480,7.616938,5.000000,321.428711
2481,7.621138,4.000000,321.428711
2482,7.623875,3.000000,321.428711
2483,7.628175,4.000000,321.428711
2484,7.630858,3.000000,321.428711
2485,7.634856,4.000000,321.428711
2486,7.637539,2.000000,321.428711
2487,7.640961,4.000000,321.428711
2488,7.643731,2.000000,321.428711
2489,7.647127,4.000000,321.428711
2490,7.650024,3.000000,321.428711
2491,7.652787,3.000000,321.428711
2492,7.656149,3.000000,321.428711
2493,7.658940,3.000000,321.428711
2494,7.662973,4.000000,321.428711
2495,7.665723,2.000000,321.428711
2496,7.669738,4.000000,321.428711
2497,7.672510,3.000000,321.428711
2498,7.676031,4.000000,321.428711
2499,7.678796,3.000000,321.428711
2500,7.682194,3.000000,321.428711
2501,7.685010,3.000000,321.428711
2502,7.688756,4.000000,321.428711
2503,7.691807,3.000000,321.428711
2504,7.694872,3.000000,321.428711
2505,7.698543,3.000000,321.428711
2506,7.701388,3.000000,321.428711
2507,7.704808,4.000000,321.428711
2508,7.707560,2.000000,321.428711
2509,7.710983,4.000000,321.428711
2510,7.713793,3.000000,321.428711
2511,7.717925,4.000000,321.428711
2512,7.720651,2.000000,321.428711
2513,7.723990,4.000000,321.428711
2514,7.727072,3.000000,321.428711
2515,7.730603,3.000000,321.428711
2516,7.733818,4.000000,321.428711
2517,7.737162,3.000000,321.428711
2518,7.739925,3.000000,321.428711
2519,7.742777,3.000000,321.428711
2520,7.746152,3.000000,321.428711
2521,7.748928,3.000000,321.428711
2522,7.752351,3.000000,321.428711
2523,7.755181,3.000000,321.428711
2524,7.759192,4.000000,321.428711
2525,7.761904,3.000000,321.428711
2526,7.765516,3.000000,321.428711
2527,7.768645,3.000000,321.428711
2528,7.772059,4.000000,321.428711
2529,7.774910,3.000000,321.428711
2530,7.777740,2.000000,321.428711
2531,7.781232,4.000000,321.428711
2532,7.783919,3.000000,321.428711
2533,7.787350,3.000000,321.428711
2534,7.790094,3.000000,321.428711
2535,7.794123,4.000000,321.428711
2536,7.796939,3.000000,321.428711
2537,7.800828,4.000000,321.428711
2538,7.803668,2.000000,321.428711
2539,7.807087,4.000000,321.428711
2540,7.810169,3.000000,321.428711
2541,7.813665,3.000000,321.428711
2542,7.816622,3.000000,321.428711
2543,7.819156,3.000000,321.428711
2544,7.822992,4.000000,321.428711
2545,7.826222,3.000000,321.428711
2546,7.830168,4.000000,321.428711
2547,7.833028,3.000000,321.428711
2548,7.836993,4.000000,321.428711
2549,7.839799,2.000000,321.428711
2550,7.843280,4.000000,321.428711
2551,7.846004,3.000000,321.428711
2552,7.849255,3.000000,321.428711
2553,7.852040,3.000000,321.428711
2554,7.855861,4.000000,321.428711
2555,7.858948,3.000000,307.385284
2556,7.862017,3.000000,307.385284
2557,7.865269,3.000000,307.385284
2558,7.868123,3.000000,307.385284
2559,7.871533,3.000000,307.385284
2560,7.874366,3.000000,307.385284
2561,7.877671,3.000000,307.385284
2562,7.880473,3.000000,307.385284
2563,7.883992,4.000000,307.385284
2564,7.893206,9.000000,307.385284
2565,7.897340,4.000000,307.385284
2566,7.901285,4.000000,307.385284
2567,7.905108,4.000000,307.385284
2568,7.908592,3.000000,307.385284
2569,7.912427,4.000000,307.385284
2570,7.916716,4.000000,307.385284
2571,7.922711,6.000000,307.385284
2572,7.928221,6.000000,307.385284
2573,7.933165,5.000000,307.385284
2574,7.936862,4.000000,307.385284
2575,7.941614,4.000000,307.385284
2576,7.946455,5.000000,307.385284
2577,7.949939,4.000000,307.385284
2578,7.952904,3.000000,307.385284
2579,7.955793,2.000000,307.385284
2580,7.959864,4.000000,307.385284
2581,7.964584,5.000000,307.385284
2582,7.968691,4.000000,307.385284
2583,7.971705,3.000000,307.385284
2584,7.974888,4.000000,307.385284
2585,7.977595,2.000000,307.385284
2586,7.980671,3.000000,307.385284
2587,7.983280,3.000000,307.385284
2588,7.985981,3.000000,307.385284
2589,7.988645,2.000000,307.385284
2590,7.991162,3.000000,307.385284
2591,7.994382,3.000000,307.385284
2592,7.997158,3.000000,307.385284
2593,7.999811,3.000000,307.385284
2594,8.002695,2.000000,307.385284
2595,8.005253,3.000000,307.385284
2596,8.007991,3.000000,307.385284
2597,8.010909,3.000000,307.385284
2598,8.013682,2.000000,307.385284
2599,8.017076,4.000000,307.385284
2600,8.019962,3.000000,307.385284
2601,8.023831,4.000000,307.385284
2602,8.026965,3.000000,307.385284
2603,8.031143,4.000000,307.385284
2604,8.033999,3.000000,307.385284
2605,8.037400,3.000000,307.385284
2606,8.040106,3.000000,307.385284
2607,8.044002,4.000000,307.385284
2608,8.046750,2.000000,307.385284
2609,8.050119,4.000000,307.385284
2610,8.053010,3.000000,307.385284
2611,8.055860,3.000000,307.385284
2612,8.059982,4.000000,307.385284
2613,8.062823,2.000000,307.385284
2614,8.066740,4.000000,307.385284
2615,8.069484,3.000000,307.385284
2616,8.073015,4.000000,307.385284
2617,8.075759,2.000000,307.385284
2618,8.079176,4.000000,307.385284
2619,8.082031,3.000000,307.385284
2620,8.085382,3.000000,307.385284
2621,8.088223,3.000000,307.385284
2622,8.092124,4.000000,307.385284
2623,8.095064,3.000000,307.385284
2624,8.098687,3.000000,307.385284
2625,8.101804,4.000000,307.385284
2626,8.105195,3.000000,307.385284
2627,8.107995,3.000000,307.385284
2628,8.110864,3.000000,307.385284
2629,8.114162,3.000000,307.385284
2630,8.116980,3.000000,307.385284
2631,8.120521,3.000000,307.385284
2632,8.123240,3.000000,307.385284
2633,8.127293,4.000000,307.385284
2634,8.130118,3.000000,307.385284
2635,8.134062,4.000000,307.385284
2636,8.137138,3.000000,307.385284
2637,8.140311,3.000000,307.385284
2638,8.143384,3.000000,307.385284
2639,8.146612,3.000000,307.385284
2640,8.149943,4.000000,307.385284
2641,8.152804,3.000000,307.385284
2642,8.156132,3.000000,307.385284
2643,8.158907,3.000000,307.385284
2644,8.162924,4.000000,307.385284
2645,8.165681,2.000000,307.385284
2646,8.169598,4.000000,307.385284
2647,8.172310,3.000000,307.385284
2648,8.175952,4.000000,307.385284
2649,8.178852,2.000000,307.385284
2650,8.182199,4.000000,307.385284
2651,8.184961,3.000000,307.385284
2652,8.188433,3.000000,307.385284
2653,8.191974,4.000000,307.385284
2654,8.194802,2.000000,307.385284
2655,8.198592,4.000000,307.385284
2656,8.201333,3.000000,307.385284
2657,8.204724,3.000000,307.385284
2658,8.207532,3.000000,307.385284
2659,8.210996,4.000000,307.385284
2660,8.213705,2.000000,307.385284
2661,8.217157,4.000000,307.385284
2662,8.219905,3.000000,307.385284
2663,8.223815,4.000000,307.385284
2664,8.226828,3.000000,307.385284
2665,8.229826,3.000000,307.385284
2666,8.233419,3.000000,307.385284
2667,8.236211,3.000000,307.385284
2668,8.239615,3.000000,307.385284
2669,8.243607,4.000000,307.385284
2670,8.246394,3.000000,307.385284
2671,8.249213,3.000000,307.385284
2672,8.252628,3.000000,307.385284
2673,8.255461,3.000000,307.385284
2674,8.259956,5.000000,307.385284
2675,8.262623,2.000000,307.385284
2676,8.266243,4.000000,307.385284
2677,8.269044,3.000000,307.385284
2678,8.272382,3.000000,307.385284
2679,8.275146,3.000000,307.385284
2680,8.278005,3.000000,307.385284
2681,8.281402,3.000000,307.385284
2682,8.284276,3.000000,307.385284
2683,8.287712,3.000000,307.385284
2684,8.290341,3.000000,307.385284
2685,8.294386,4.000000,307.385284
2686,8.297162,3.000000,307.385284
2687,8.301128,4.000000,307.385284
2688,8.303967,3.000000,307.385284
2689,8.307261,3.000000,307.385284
2690,8.310151,3.000000,307.385284
2691,8.313218,3.000000,307.385284
2692,8.316243,3.000000,307.385284
2693,8.319112,3.000000,307.385284
2694,8.322459,3.000000,307.385284
2695,8.325227,3.000000,307.385284
2696,8.329196,4.000000,307.385284
2697,8.332082,3.000000,307.385284
2698,8.335905,4.000000,307.385284
2699,8.338645,2.000000,307.385284
2700,8.341936,4.000000,307.385284
2701,8.344727,2.000000,307.385284
2702,8.347657,3.000000,307.385284
2703,8.351053,4.000000,307.385284
2704,8.353894,3.000000,307.385284
2705,8.358348,4.000000,307.385284
2706,8.361059,3.000000,300.796906
2707,8.364967,4.000000,300.796906
2708,8.367915,3.000000,300.796906
2709,8.371110,3.000000,300.796906
2710,8.373869,3.000000,300.796906
2711,8.377320,3.000000,300.796906
2712,8.380147,3.000000,300.796906
2713,8.383466,3.000000,300.796906
2714,8.386311,3.000000,300.796906
2715,8.389754,4.000000,300.796906
2716,8.393355,3.000000,300.796906
2717,8.396142,3.000000,300.796906
2718,8.400289,4.000000,300.796906
2719,8.403022,3.000000,300.796906
2720,8.406443,3.000000,300.796906
2721,8.409304,3.000000,300.796906
2722,8.412858,4.000000,300.796906
2723,8.415459,2.000000,300.796906
2724,8.418917,4.000000,300.796906
2725,8.421683,2.000000,300.796906
2726,8.425548,4.000000,300.796906
2727,8.428592,3.000000,300.796906
2728,8.432052,4.000000,300.796906
2729,8.435245,3.000000,300.796906
2730,8.438775,4.000000,300.796906
2731,8.441440,2.000000,300.796906
2732,8.444348,3.000000,300.796906
2733,8.447795,4.000000,300.796906
2734,8.451249,3.000000,300.796906
2735,8.454629,3.000000,300.796906
2736,8.457575,3.000000,300.796906
2737,8.461655,4.000000,300.796906
2738,8.464429,3.000000,300.796906
2739,8.468512,4.000000,300.796906
2740,8.471234,3.000000,300.796906
2741,8.475018,4.000000,300.796906
2742,8.477685,2.000000,300.796906
2743,8.481142,4.000000,300.796906
2744,8.483911,3.000000,300.796906
2745,8.487390,3.000000,300.796906
2746,8.490303,3.000000,300.796906
2747,8.492978,3.000000,300.796906
2748,8.497091,4.000000,300.796906
2749,8.500025,3.000000,300.796906
2750,8.503870,4.000000,300.796906
2751,8.507280,3.000000,300.796906
2752,8.509970,3.000000,300.796906
2753,8.512725,2.000000,300.796906
2754,8.516320,4.000000,300.796906
2755,8.519210,3.000000,300.796906
2756,8.523098,4.000000,300.796906
2757,8.526060,3.000000,300.796906
2758,8.529884,4.000000,300.796906
2759,8.532608,2.000000,300.796906
2760,8.536117,4.000000,300.796906
2761,8.538969,3.000000,300.796906
2762,8.541868,3.000000,300.796906
2763,8.545312,3.000000,300.796906
2764,8.548172,3.000000,300.796906
2765,8.551421,3.000000,300.796906
2766,8.554367,3.000000,300.796906
2767,8.558466,4.000000,300.796906
2768,8.561123,3.000000,300.796906
2769,8.565403,4.000000,300.796906
2770,8.568334,3.000000,300.796906
2771,8.571618,3.000000,300.796906
2772,8.574442,3.000000,300.796906
2773,8.577862,4.000000,300.796906
2774,8.580602,2.000000,300.796906
2775,8.583474,3.000000,300.796906
2776,8.586818,4.000000,300.796906
2777,8.589727,2.000000,300.796906
2778,8.593758,4.000000,300.796906
2779,8.596498,3.000000,300.796906
2780,8.600111,4.000000,300.796906
2781,8.602820,3.000000,300.796906
2782,8.606330,3.000000,300.796906
2783,8.609029,3.000000,300.796906
2784,8.612476,3.000000,300.796906
2785,8.615237,3.000000,300.796906
2786,8.618180,3.000000,300.796906
2787,8.621585,3.000000,300.796906
2788,8.624479,3.000000,300.796906
2789,8.628572,4.000000,300.796906
2790,8.631348,3.000000,300.796906
2791,8.635177,4.000000,300.796906
2792,8.637863,3.000000,300.796906
2793,8.641270,3.000000,300.796906
2794,8.644091,3.000000,300.796906
2795,8.647507,3.000000,300.796906
2796,8.650295,3.000000,300.796906
2797,8.653696,3.000000,300.796906
2798,8.656515,3.000000,300.796906
2799,8.659386,3.000000,300.796906
2800,8.663437,4.000000,300.796906
2801,8.666292,3.000000,300.796906
2802,8.669850,4.000000,300.796906
2803,8.672617,2.000000,300.796906
2804,8.676290,4.000000,300.796906
2805,8.679455,3.000000,300.796906
2806,8.683053,4.000000,300.796906
2807,8.685824,3.000000,300.796906
2808,8.689812,4.000000,300.796906
2809,8.692561,2.000000,300.796906
2810,8.696193,4.000000,300.796906
2811,8.699297,3.000000,300.796906
2812,8.702705,3.000000,300.796906
2813,8.705498,3.000000,300.796906
2814,8.708402,3.000000,300.796906
2815,8.711681,3.000000,300.796906
2816,8.714470,3.000000,300.796906
2817,8.718182,4.000000,300.796906
2818,8.720988,3.000000,300.796906
2819,8.724966,4.000000,300.796906
2820,8.727805,3.000000,300.796906
2821,8.731598,3.000000,300.796906
2822,8.734367,3.000000,300.796906
2823,8.737722,3.000000,300.796906
2824,8.740527,3.000000,300.796906
2825,8.743410,3.000000,300.796906
2826,8.746732,4.000000,300.796906
2827,8.749613,2.000000,300.796906
2828,8.752946,4.000000,300.796906
2829,8.755838,3.000000,300.796906
2830,8.759436,3.000000,300.796906
2831,8.763141,4.000000,300.796906
2832,8.767263,4.000000,300.796906
2833,8.770002,3.000000,300.796906
2834,8.773473,3.000000,300.796906
2835,8.776296,3.000000,300.796906
2836,8.779638,3.000000,300.796906
2837,8.782418,3.000000,300.796906
2838,8.785850,4.000000,300.796906
2839,8.788641,2.000000,300.796906
2840,8.791481,3.000000,300.796906
2841,8.795539,4.000000,300.796906
2842,8.798444,3.000000,300.796906
2843,8.801993,4.000000,300.796906
2844,8.804764,3.000000,300.796906
2845,8.808190,3.000000,300.796906
2846,8.810950,3.000000,300.796906
2847,8.814349,3.000000,300.796906
2848,8.817128,3.000000,300.796906
2849,8.820552,3.000000,300.796906
2850,8.823341,3.000000,300.796906
2851,8.826223,3.000000,300.796906
2852,8.830241,4.000000,300.796906
2853,8.833055,3.000000,300.796906
2854,8.836782,4.000000,300.796906
2855,8.839665,2.000000,300.796906
2856,8.843108,4.000000,300.796906
2857,8.845786,3.000000,300.796906
2858,8.849228,3.000000,300.796906
2859,8.851999,3.000000,300.796906
2860,8.855774,4.000000,300.796906
2861,8.858787,3.000000,300.796906
2862,8.862308,3.000000,311.377350
2863,8.865732,3.000000,311.377350
2864,8.869093,4.000000,311.377350
2865,8.871868,3.000000,311.377350
2866,8.874769,3.000000,311.377350
2867,8.878284,3.000000,311.377350
2868,8.881612,3.000000,311.377350
2869,8.885133,4.000000,311.377350
2870,8.887832,3.000000,311.377350
2871,8.891804,4.000000,311.377350
2872,8.894699,2.000000,311.377350
2873,8.898746,4.000000,311.377350
2874,8.901475,3.000000,311.377350
2875,8.904833,4.000000,311.377350
2876,8.907623,2.000000,311.377350
2877,8.911041,4.000000,311.377350
2878,8.913845,3.000000,311.377350
2879,8.916740,2.000000,311.377350
2880,8.920131,4.000000,311.377350
2881,8.922903,3.000000,311.377350
2882,8.926999,4.000000,311.377350
2883,8.929658,2.000000,311.377350
2884,8.933651,4.000000,311.377350
2885,8.936435,3.000000,311.377350
2886,8.939882,4.000000,311.377350
2887,8.942597,2.000000,311.377350
2888,8.945988,4.000000,311.377350
2889,8.948762,3.000000,311.377350
2890,8.951667,2.000000,311.377350
2891,8.955086,4.000000,311.377350
2892,8.957895,3.000000,311.377350
2893,8.962058,4.000000,311.377350
2894,8.965203,3.000000,311.377350
2895,8.969055,4.000000,311.377350
2896,8.971846,3.000000,311.377350
2897,8.975238,3.000000,311.377350
2898,8.978002,3.000000,311.377350
2899,8.981525,3.000000,311.377350
2900,8.984312,3.000000,311.377350
2901,8.987705,3.000000,311.377350
2902,8.990501,3.000000,311.377350
2903,8.994252,4.000000,311.377350
2904,8.997295,3.000000,311.377350
2905,9.000082,3.000000,311.377350
2906,9.003935,4.000000,311.377350
2907,9.006670,2.000000,311.377350
2908,9.009983,4.000000,311.377350
2909,9.012839,3.000000,311.377350
2910,9.016294,3.000000,311.377350
2911,9.019020,3.000000,311.377350
2912,9.023004,4.000000,311.377350
2913,9.026369,3.000000,311.377350
2914,9.030208,4.000000,311.377350
2915,9.032937,3.000000,311.377350
2916,9.036509,3.000000,311.377350
2917,9.039459,3.000000,311.377350
2918,9.042982,4.000000,311.377350
2919,9.045696,2.000000,311.377350
2920,9.048545,3.000000,311.377350
2921,9.051976,4.000000,311.377350
2922,9.054741,3.000000,311.377350
2923,9.058809,4.000000,311.377350
2924,9.061670,2.000000,311.377350
2925,9.065528,4.000000,311.377350
2926,9.068941,4.000000,311.377350
2927,9.072819,4.000000,311.377350
2928,9.075616,2.000000,311.377350
2929,9.079367,4.000000,311.377350
2930,9.082131,3.000000,311.377350
2931,9.085774,4.000000,311.377350
2932,9.088625,2.000000,311.377350
2933,9.092715,4.000000,311.377350
2934,9.095484,3.000000,311.377350
2935,9.099613,4.000000,311.377350
2936,9.102365,3.000000,311.377350
2937,9.105949,4.000000,311.377350
2938,9.108643,2.000000,311.377350
2939,9.111838,4.000000,311.377350
2940,9.115338,3.000000,311.377350
2941,9.118040,3.000000,311.377350
2942,9.121586,3.000000,311.377350
2943,9.124670,3.000000,311.377350
2944,9.128596,4.000000,311.377350
2945,9.131328,3.000000,311.377350
2946,9.135433,4.000000,311.377350
2947,9.138189,3.000000,311.377350
2948,9.141669,3.000000,311.377350
2949,9.144628,3.000000,311.377350
2950,9.148229,4.000000,311.377350
2951,9.150921,3.000000,311.377350
2952,9.154689,3.000000,311.377350
2953,9.157388,3.000000,311.377350
2954,9.160584,3.000000,311.377350
2955,9.164480,4.000000,311.377350
2956,9.167967,4.000000,311.377350
2957,9.171592,3.000000,311.377350
2958,9.175237,4.000000,311.377350
2959,9.178239,3.000000,311.377350
2960,9.180949,3.000000,311.377350
2961,9.184301,3.000000,311.377350
2962,9.187161,3.000000,311.377350
2963,9.191303,4.000000,311.377350
2964,9.194026,3.000000,311.377350
2965,9.197977,4.000000,311.377350
2966,9.200770,2.000000,311.377350
2967,9.204384,4.000000,311.377350
2968,9.207185,3.000000,311.377350
2969,9.210823,4.000000,311.377350
2970,9.213589,2.000000,311.377350
2971,9.217269,4.000000,311.377350
2972,9.220002,3.000000,311.377350
2973,9.224035,4.000000,311.377350
2974,9.227059,3.000000,311.377350
2975,9.230944,4.000000,311.377350
2976,9.234345,3.000000,311.377350
2977,9.237770,4.000000,311.377350
2978,9.240591,2.000000,311.377350
2979,9.243726,3.000000,311.377350
2980,9.247017,4.000000,311.377350
2981,9.249902,3.000000,311.377350
2982,9.253351,3.000000,311.377350
2983,9.256209,3.000000,311.377350
2984,9.259894,4.000000,311.377350
2985,9.262997,3.000000,311.377350
2986,9.267174,4.000000,311.377350
2987,9.269778,3.000000,311.377350
2988,9.273828,4.000000,311.377350
2989,9.276606,2.000000,311.377350
2990,9.280188,4.000000,311.377350
2991,9.283685,3.000000,311.377350
2992,9.286788,4.000000,311.377350
2993,9.289995,3.000000,311.377350
2994,9.294609,4.000000,311.377350
2995,9.297336,3.000000,311.377350
2996,9.301445,4.000000,311.377350
2997,9.304179,3.000000,311.377350
2998,9.307956,4.000000,311.377350
2999,9.310762,3.000000,311.377350
3000,9.314554,3.000000,311.377350
3001,9.317277,3.000000,311.377350
3002,9.320339,3.000000,311.377350
3003,9.323679,3.000000,311.377350
3004,9.326564,3.000000,311.377350
3005,9.330683,4.000000,311.377350
3006,9.333447,3.000000,311.377350
3007,9.337261,4.000000,311.377350
3008,9.340018,3.000000,311.377350
3009,9.343809,4.000000,311.377350
3010,9.346581,2.000000,311.377350
3011,9.350224,4.000000,311.377350
3012,9.352990,3.000000,311.377350
3013,9.357204,4.000000,311.377350
3014,9.359889,3.000000,311.377350
3015,9.364082,4.000000,304.780975
3016,9.367103,3.000000,304.780975
3017,9.370472,3.000000,304.780975
3018,9.373379,3.000000,304.780975
3019,9.377008,4.000000,304.780975
3020,9.379849,3.000000,304.780975
3021,9.383014,3.000000,304.780975
3022,9.386185,3.000000,304.780975
3023,9.389067,3.000000,304.780975
3024,9.393171,4.000000,304.780975
3025,9.395947,3.000000,304.780975
3026,9.400010,4.000000,304.780975
3027,9.402734,2.000000,304.780975
3028,9.406392,4.000000,304.780975
3029,9.409090,3.000000,304.780975
3030,9.412695,3.000000,304.780975
3031,9.415452,3.000000,304.780975
3032,9.419004,4.000000,304.780975
3033,9.421827,3.000000,304.780975
3034,9.426158,4.000000,304.780975
3035,9.428904,3.000000,304.780975
3036,9.432859,4.000000,304.780975
3037,9.435646,2.000000,304.780975
3038,9.439179,4.000000,304.780975
3039,9.442161,3.000000,304.780975
3040,9.444833,3.000000,304.780975
3041,9.448376,3.000000,304.780975
3042,9.451215,3.000000,304.780975
3043,9.454683,3.000000,304.780975
3044,9.457671,3.000000,304.780975
3045,9.461680,4.000000,304.780975
3046,9.464339,3.000000,304.780975
3047,9.468184,4.000000,304.780975
3048,9.470942,3.000000,304.780975
3049,9.475145,4.000000,304.780975
3050,9.477876,3.000000,304.780975
3051,9.481491,3.000000,304.780975
3052,9.484252,3.000000,304.780975
3053,9.487738,3.000000,304.780975
3054,9.490564,3.000000,304.780975
3055,9.493423,3.000000,304.780975
3056,9.497762,4.000000,304.780975
3057,9.500968,4.000000,304.780975
3058,9.504529,3.000000,304.780975
3059,9.507323,3.000000,304.780975
3060,9.510721,3.000000,304.780975
3061,9.513630,3.000000,304.780975
3062,9.517078,4.000000,304.780975
3063,9.520097,3.000000,304.780975
3064,9.523983,4.000000,304.780975
3065,9.526983,3.000000,304.780975
3066,9.530764,4.000000,304.780975
3067,9.533506,2.000000,304.780975
3068,9.536886,4.000000,304.780975
3069,9.539652,2.000000,304.780975
3070,9.543241,4.000000,304.780975
3071,9.546014,3.000000,304.780975
3072,9.548841,3.000000,304.780975
3073,9.552347,3.000000,304.780975
3074,9.555270,3.000000,304.780975
3075,9.559297,4.000000,304.780975
3076,9.562153,3.000000,304.780975
3077,9.566101,4.000000,304.780975
3078,9.569039,3.000000,304.780975
3079,9.572640,3.000000,304.780975
3080,9.575632,3.000000,304.780975
3081,9.579118,4.000000,304.780975
3082,9.581875,3.000000,304.780975
3083,9.585526,3.000000,304.780975
3084,9.588376,3.000000,304.780975
3085,9.592396,4.000000,304.780975
3086,9.595154,3.000000,304.780975
3087,9.599250,4.000000,304.780975
3088,9.601943,3.000000,304.780975
3089,9.605017,3.000000,304.780975
3090,9.608442,3.000000,304.780975
3091,9.611515,3.000000,304.780975
3092,9.614880,4.000000,304.780975
3093,9.617628,2.000000,304.780975
3094,9.620979,4.000000,304.780975
3095,9.623750,2.000000,304.780975
3096,9.627739,5.000000,304.780975
3097,9.630532,2.000000,304.780975
3098,9.634374,4.000000,304.780975
3099,9.637120,3.000000,304.780975
3100,9.640545,3.000000,304.780975
3101,9.643314,3.000000,304.780975
3102,9.646797,4.000000,304.780975
3103,9.649513,2.000000,304.780975
3104,9.652367,3.000000,304.780975
3105,9.656042,4.000000,304.780975
3106,9.658810,3.000000,304.780975
3107,9.662928,4.000000,304.780975
3108,9.665687,2.000000,304.780975
3109,9.669292,4.000000,304.780975
3110,9.672052,3.000000,304.780975
3111,9.675439,3.000000,304.780975
3112,9.679129,4.000000,304.780975
3113,9.682473,3.000000,304.780975
3114,9.685258,3.000000,304.780975
3115,9.689053,4.000000,304.780975
3116,9.692019,3.000000,304.780975
3117,9.695684,3.000000,304.780975
3118,9.699025,4.000000,304.780975
3119,9.702446,3.000000,304.780975
3120,9.705227,3.000000,304.780975
3121,9.708318,3.000000,304.780975
3122,9.711706,3.000000,304.780975
3123,9.714476,3.000000,304.780975
3124,9.717858,4.000000,304.780975
3125,9.720666,2.000000,304.780975
3126,9.724737,4.000000,304.780975
3127,9.727642,3.000000,304.780975
3128,9.731492,4.000000,304.780975
3129,9.734238,3.000000,304.780975
3130,9.737835,4.000000,304.780975
3131,9.740666,2.000000,304.780975
3132,9.743752,4.000000,304.780975
3133,9.746979,3.000000,304.780975
3134,9.749995,3.000000,304.780975
3135,9.753483,3.000000,304.780975
3136,9.756310,3.000000,304.780975
3137,9.760433,4.000000,304.780975
3138,9.763213,3.000000,304.780975
3139,9.767229,4.000000,304.780975
3140,9.769897,3.000000,304.780975
3141,9.773337,3.000000,304.780975
3142,9.776127,3.000000,304.780975
3143,9.779540,3.000000,304.780975
3144,9.782278,3.000000,304.780975
3145,9.785174,3.000000,304.780975
3146,9.788604,3.000000,304.780975
3147,9.791721,3.000000,304.780975
3148,9.795814,5.000000,304.780975
3149,9.798596,2.000000,304.780975
3150,9.802174,4.000000,304.780975
3151,9.805013,3.000000,304.780975
3152,9.808347,3.000000,304.780975
3153,9.811102,3.000000,304.780975
3154,9.814752,3.000000,304.780975
3155,9.817473,3.000000,304.780975
3156,9.820892,4.000000,304.780975
3157,9.823626,2.000000,304.780975
3158,9.826493,3.000000,304.780975
3159,9.830670,4.000000,304.780975
3160,9.833850,4.000000,304.780975
3161,9.837390,3.000000,304.780975
3162,9.840170,3.000000,304.780975
3163,9.843599,3.000000,304.780975
3164,9.846448,3.000000,304.780975
3165,9.849801,4.000000,304.780975
3166,9.852664,2.000000,304.780975
3167,9.856592,4.000000,304.780975
3168,9.859367,3.000000,304.780975
3169,9.863227,4.000000,304.780975
3170,9.866027,3.000000,308.764984
3171,9.869399,3.000000,308.764984
3172,9.872195,3.000000,308.764984
3173,9.875053,3.000000,308.764984
3174,9.878507,3.000000,308.764984
3175,9.881412,3.000000,308.764984
3176,9.884681,3.000000,308.764984
3177,9.887453,3.000000,308.764984
3178,9.891675,4.000000,308.764984
3179,9.894796,4.000000,308.764984
3180,9.898753,4.000000,308.764984
3181,9.901507,2.000000,308.764984
3182,9.904913,4.000000,308.764984
3183,9.907802,3.000000,308.764984
3184,9.911230,3.000000,308.764984
3185,9.914005,3.000000,308.764984
3186,9.916863,3.000000,308.764984
3187,9.920357,3.000000,308.764984
3188,9.923387,3.000000,308.764984
3189,9.927182,4.000000,308.764984
3190,9.929975,3.000000,308.764984
3191,9.933535,3.000000,308.764984
3192,9.936308,3.000000,308.764984
3193,9.939872,4.000000,308.764984
3194,9.942887,3.000000,308.764984
3195,9.946257,3.000000,308.764984
3196,9.949026,3.000000,308.764984
3197,9.952410,3.000000,308.764984
3198,9.955232,3.000000,308.764984
3199,9.958028,3.000000,308.764984
3200,9.962018,4.000000,308.764984
3201,9.964890,3.000000,308.764984
3202,9.968695,3.000000,308.764984
3203,9.971448,3.000000,308.764984
3204,9.974861,4.000000,308.764984
3205,9.977620,2.000000,308.764984
3206,9.980989,4.000000,308.764984
3207,9.983897,3.000000,308.764984
3208,9.987389,3.000000,308.764984
3209,9.990053,3.000000,308.764984
3210,9.993107,3.000000,308.764984
3211,9.997567,4.000000,308.764984
3212,10.000958,4.000000,308.764984
3213,10.023474,7.000000,308.764984
3214,10.028522,19.000000,308.764984
3215,10.031859,5.000000,308.764984
3216,10.035038,3.000000,308.764984
3217,10.038223,3.000000,308.764984
3218,10.041234,3.000000,308.764984
3219,10.044196,3.000000,308.764984
3220,10.047042,3.000000,308.764984
3221,10.050903,3.000000,308.764984
3222,10.053682,3.000000,308.764984
3223,10.056715,3.000000,308.764984
3224,10.059327,3.000000,308.764984
3225,10.062382,3.000000,308.764984
3226,10.066053,4.000000,308.764984
3227,10.068791,3.000000,308.764984
3228,10.072074,3.000000,308.764984
3229,10.074788,3.000000,308.764984
3230,10.077489,2.000000,308.764984
3231,10.081343,4.000000,308.764984
3232,10.084150,3.000000,308.764984
3233,10.086974,3.000000,308.764984
3234,10.089361,2.000000,308.764984
3235,10.092314,3.000000,308.764984
3236,10.095077,3.000000,308.764984
3237,10.097760,2.000000,308.764984
3238,10.100375,3.000000,308.764984
3239,10.102874,3.000000,308.764984
3240,10.105508,2.000000,308.764984
3241,10.107930,3.000000,308.764984
3242,10.110722,2.000000,308.764984
3243,10.113644,3.000000,308.764984
3244,10.116416,3.000000,308.764984
3245,10.119689,3.000000,308.764984
3246,10.122434,3.000000,308.764984
3247,10.125398,3.000000,308.764984
3248,10.128458,3.000000,308.764984
3249,10.131210,3.000000,308.764984
3250,10.134579,3.000000,308.764984
3251,10.137381,3.000000,308.764984
3252,10.140672,3.000000,308.764984
3253,10.143425,3.000000,308.764984
3254,10.146253,3.000000,308.764984
3255,10.149801,4.000000,308.764984
3256,10.152671,2.000000,308.764984
3257,10.155927,4.000000,308.764984
3258,10.159226,3.000000,308.764984
3259,10.162414,3.000000,308.764984
3260,10.165374,3.000000,308.764984
3261,10.168656,3.000000,308.764984
3262,10.171451,3.000000,308.764984
3263,10.174634,3.000000,308.764984
3264,10.177899,4.000000,308.764984
3265,10.180813,2.000000,308.764984
3266,10.183987,4.000000,308.764984
3267,10.186701,2.000000,308.764984
3268,10.189943,4.000000,308.764984
3269,10.192772,3.000000,308.764984
3270,10.195669,2.000000,308.764984
3271,10.198929,4.000000,308.764984
3272,10.201968,3.000000,308.764984
3273,10.205343,3.000000,308.764984
3274,10.208162,3.000000,308.764984
3275,10.211384,3.000000,308.764984
3276,10.214424,3.000000,308.764984
3277,10.218093,4.000000,308.764984
3278,10.221523,3.000000,308.764984
3279,10.224640,3.000000,308.764984
3280,10.227578,3.000000,308.764984
3281,10.230797,4.000000,308.764984
3282,10.233760,2.000000,308.764984
3283,10.236685,3.000000,308.764984
3284,10.239626,3.000000,308.764984
3285,10.242885,4.000000,308.764984
3286,10.246090,3.000000,308.764984
3287,10.248921,3.000000,308.764984
3288,10.252121,3.000000,308.764984
3289,10.254960,3.000000,308.764984
3290,10.258180,3.000000,308.764984
3291,10.261299,3.000000,308.764984
3292,10.263987,3.000000,308.764984
3293,10.267002,3.000000,308.764984
3294,10.270534,3.000000,308.764984
3295,10.273623,3.000000,308.764984
3296,10.276390,3.000000,308.764984
3297,10.279911,4.000000,308.764984
3298,10.282518,2.000000,308.764984
3299,10.285606,3.000000,308.764984
3300,10.288992,4.000000,308.764984
3301,10.292185,3.000000,308.764984
3302,10.295098,3.000000,308.764984
3303,10.297764,2.000000,308.764984
3304,10.301074,4.000000,308.764984
3305,10.304202,3.000000,308.764984
3306,10.307487,3.000000,308.764984
3307,10.310739,3.000000,308.764984
3308,10.313887,4.000000,308.764984
3309,10.316706,2.000000,308.764984
3310,10.320095,4.000000,308.764984
3311,10.322767,2.000000,308.764984
3312,10.325483,3.000000,308.764984
3313,10.328871,4.000000,308.764984
3314,10.331507,2.000000,308.764984
3315,10.334834,4.000000,308.764984
3316,10.337891,3.000000,308.764984
3317,10.341122,3.000000,308.764984
3318,10.344177,3.000000,308.764984
3319,10.347074,3.000000,308.764984
3320,10.350261,3.000000,308.764984
3321,10.353187,3.000000,308.764984
3322,10.356901,4.000000,308.764984
3323,10.360354,3.000000,308.764984
3324,10.363768,3.000000,308.764984
3325,10.366545,3.000000,308.764984
3326,10.369514,3.000000,310.139313
3327,10.372395,3.000000,310.139313
3328,10.375292,3.000000,310.139313
3329,10.377997,3.000000,310.139313
3330,10.380892,3.000000,310.139313
3331,10.384082,3.000000,310.139313
3332,10.387313,3.000000,310.139313
3333,10.390893,4.000000,310.139313
3334,10.395542,3.000000,310.139313
3335,10.399037,5.000000,310.139313
3336,10.401992,3.000000,310.139313
3337,10.405138,3.000000,310.139313
3338,10.407843,3.000000,310.139313
3339,10.411663,3.000000,310.139313
3340,10.415396,4.000000,310.139313
3341,10.418137,3.000000,310.139313
3342,10.421251,3.000000,310.139313
3343,10.424703,3.000000,310.139313
3344,10.427958,4.000000,310.139313
3345,10.430853,3.000000,310.139313
3346,10.434994,4.000000,310.139313
3347,10.438363,3.000000,310.139313
3348,10.441292,3.000000,310.139313
3349,10.444221,3.000000,310.139313
3350,10.446855,3.000000,310.139313
3351,10.450090,3.000000,310.139313
3352,10.452749,2.000000,310.139313
3353,10.455133,3.000000,310.139313
3354,10.457445,2.000000,310.139313
3355,10.459990,3.000000,310.139313
3356,10.462314,2.000000,310.139313
3357,10.464834,3.000000,310.139313
3358,10.467806,2.000000,310.139313
3359,10.470430,3.000000,310.139313
3360,10.474011,4.000000,310.139313
3361,10.476738,2.000000,310.139313
3362,10.479599,3.000000,310.139313
3363,10.482919,4.000000,310.139313
3364,10.485636,2.000000,310.139313
3365,10.489449,4.000000,310.139313
3366,10.492199,3.000000,310.139313
3367,10.495389,3.000000,310.139313
3368,10.498242,3.000000,310.139313
3369,10.501543,3.000000,310.139313
3370,10.504719,3.000000,310.139313
3371,10.507403,3.000000,310.139313
3372,10.510555,3.000000,310.139313
3373,10.513432,3.000000,310.139313
3374,10.516565,3.000000,310.139313
3375,10.519390,3.000000,310.139313
3376,10.522544,3.000000,310.139313
3377,10.525336,3.000000,310.139313
3378,10.528719,3.000000,310.139313
3379,10.532123,4.000000,310.139313
3380,10.534920,3.000000,310.139313
3381,10.538039,3.000000,310.139313
3382,10.540800,3.000000,310.139313
3383,10.544262,3.000000,310.139313
3384,10.546864,3.000000,310.139313
3385,10.549627,2.000000,310.139313
3386,10.553139,4.000000,310.139313
3387,10.555933,3.000000,310.139313
3388,10.559151,3.000000,310.139313
3389,10.562036,3.000000,310.139313
3390,10.565414,3.000000,310.139313
3391,10.568527,3.000000,310.139313
3392,10.571693,3.000000,310.139313
3393,10.574510,3.000000,310.139313
3394,10.577745,3.000000,310.139313
3395,10.580524,3.000000,310.139313
3396,10.583361,3.000000,310.139313
3397,10.586650,3.000000,310.139313
3398,10.589413,3.000000,310.139313
3399,10.592629,3.000000,310.139313
3400,10.595722,3.000000,310.139313
3401,10.599265,4.000000,310.139313
3402,10.602083,3.000000,310.139313
3403,10.604910,3.000000,310.139313
3404,10.608120,3.000000,310.139313
3405,10.610891,3.000000,310.139313
3406,10.614181,3.000000,310.139313
3407,10.617265,3.000000,310.139313
3408,10.620487,3.000000,310.139313
3409,10.623271,3.000000,310.139313
3410,10.626582,3.000000,310.139313
3411,10.630051,4.000000,310.139313
3412,10.632936,3.000000,310.139313
3413,10.636046,3.000000,310.139313
3414,10.638673,2.000000,310.139313
3415,10.641927,4.000000,310.139313
3416,10.644695,2.000000,310.139313
3417,10.647858,4.000000,310.139313
3418,10.650822,3.000000,310.139313
3419,10.653901,3.000000,310.139313
3420,10.656943,3.000000,310.139313
3421,10.659973,3.000000,310.139313
3422,10.663387,3.000000,310.139313
3423,10.666322,3.000000,310.139313
3424,10.669434,3.000000,310.139313
3425,10.672294,3.000000,310.139313
3426,10.675531,3.000000,310.139313
3427,10.678368,3.000000,310.139313
3428,10.681115,3.000000,310.139313
3429,10.684535,3.000000,310.139313
3430,10.687410,3.000000,310.139313
3431,10.690796,3.000000,310.139313
3432,10.694177,4.000000,310.139313
3433,10.697204,3.000000,310.139313
3434,10.700396,3.000000,310.139313
3435,10.703615,3.000000,310.139313
3436,10.706389,3.000000,310.139313
3437,10.709243,3.000000,310.139313
3438,10.712434,3.000000,310.139313
3439,10.715620,3.000000,310.139313
3440,10.718622,3.000000,310.139313
3441,10.721379,3.000000,310.139313
3442,10.724575,3.000000,310.139313
3443,10.728058,4.000000,310.139313
3444,10.731367,3.000000,310.139313
3445,10.734117,3.000000,310.139313
3446,10.736888,3.000000,310.139313
3447,10.740085,3.000000,310.139313
3448,10.742928,3.000000,310.139313
3449,10.746158,3.000000,310.139313
3450,10.749498,3.000000,310.139313
3451,10.752508,3.000000,310.139313
3452,10.755343,3.000000,310.139313
3453,10.758531,3.000000,310.139313
3454,10.761295,3.000000,310.139313
3455,10.764904,4.000000,310.139313
3456,10.767666,2.000000,310.139313
3457,10.770542,3.000000,310.139313
3458,10.773724,3.000000,310.139313
3459,10.776617,3.000000,310.139313
3460,10.779725,3.000000,310.139313
3461,10.782796,4.000000,310.139313
3462,10.786163,3.000000,310.139313
3463,10.788828,3.000000,310.139313
3464,10.791971,3.000000,310.139313
3465,10.795396,3.000000,310.139313
3466,10.798337,3.000000,310.139313
3467,10.801422,3.000000,310.139313
3468,10.804220,3.000000,310.139313
3469,10.807557,3.000000,310.139313
3470,10.810211,3.000000,310.139313
3471,10.813882,4.000000,310.139313
3472,10.816494,2.000000,310.139313
3473,10.819322,3.000000,310.139313
3474,10.822590,3.000000,310.139313
3475,10.825383,3.000000,310.139313
3476,10.828965,4.000000,310.139313
3477,10.831765,3.000000,310.139313
3478,10.834905,3.000000,310.139313
3479,10.837699,2.000000,310.139313
3480,10.840937,4.000000,310.139313
3481,10.843723,2.000000,310.139313
3482,10.846621,3.000000,310.139313
3483,10.849759,4.000000,310.139313
3484,10.852607,2.000000,310.139313
3485,10.855764,4.000000,310.139313
3486,10.859352,3.000000,310.139313
3487,10.862647,3.000000,310.139313
3488,10.865378,3.000000,310.139313
3489,10.868562,3.000000,310.139313
3490,10.871314,3.000000,326.693390
3491,10.874164,3.000000,326.693390
3492,10.877344,3.000000,326.693390
3493,10.880400,3.000000,326.693390
3494,10.883498,3.000000,326.693390
3495,10.886794,4.000000,326.693390
3496,10.890051,3.000000,326.693390
3497,10.892858,3.000000,326.693390
3498,10.896007,3.000000,326.693390
3499,10.899263,3.000000,326.693390
3500,10.902138,3.000000,326.693390
3501,10.905290,3.000000,326.693390
3502,10.908109,3.000000,326.693390
3503,10.911344,3.000000,326.693390
3504,10.914124,3.000000,326.693390
3505,10.916956,3.000000,326.693390
3506,10.920223,3.000000,326.693390
3507,10.923558,3.000000,326.693390
3508,10.926860,4.000000,326.693390
3509,10.929670,2.000000,326.693390
3510,10.932915,4.000000,326.693390
3511,10.935746,3.000000,326.693390
3512,10.938536,2.000000,326.693390
3513,10.941766,4.000000,326.693390
3514,10.944868,3.000000,326.693390
3515,10.948464,3.000000,326.693390
3516,10.951148,3.000000,326.693390
3517,10.954375,3.000000,326.693390
3518,10.957165,3.000000,326.693390
3519,10.960556,3.000000,326.693390
3520,10.963341,3.000000,326.693390
3521,10.966245,3.000000,326.693390
3522,10.969448,3.000000,326.693390
3523,10.972240,3.000000,326.693390
3524,10.975409,3.000000,326.693390
3525,10.978294,3.000000,326.693390
3526,10.981569,3.000000,326.693390
3527,10.984350,3.000000,326.693390
3528,10.987686,3.000000,326.693390
3529,10.990828,4.000000,326.693390
3530,10.993651,2.000000,326.693390
3531,10.996945,4.000000,326.693390
3532,10.999779,3.000000,326.693390
3533,11.002915,3.000000,326.693390
3534,11.005712,2.000000,326.693390
3535,11.009253,4.000000,326.693390
3536,11.011998,3.000000,326.693390
3537,11.015139,3.000000,326.693390
3538,11.018741,4.000000,326.693390
3539,11.021628,2.000000,326.693390
3540,11.024754,4.000000,326.693390
3541,11.027881,3.000000,326.693390
3542,11.031151,3.000000,326.693390
3543,11.033895,3.000000,326.693390
3544,11.037156,3.000000,326.693390
3545,11.039906,3.000000,326.693390
3546,11.043197,3.000000,326.693390
3547,11.046354,3.000000,326.693390
3548,11.049070,3.000000,326.693390
3549,11.052278,3.000000,326.693390
3550,11.055731,4.000000,326.693390
3551,11.058982,3.000000,326.693390
3552,11.062135,3.000000,326.693390
3553,11.065264,3.000000,326.693390
3554,11.068150,3.000000,326.693390
3555,11.071310,3.000000,326.693390
3556,11.074050,3.000000,326.693390
3557,11.077131,3.000000,326.693390
3558,11.080590,3.000000,326.693390
3559,11.083428,3.000000,326.693390
3560,11.086641,3.000000,326.693390
3561,11.089436,3.000000,326.693390
3562,11.092936,4.000000,326.693390
3563,11.095692,2.000000,326.693390
3564,11.098919,4.000000,326.693390
3565,11.101695,2.000000,326.693390
3566,11.104957,4.000000,326.693390
3567,11.107804,3.000000,326.693390
3568,11.110745,3.000000,326.693390
3569,11.113762,3.000000,326.693390
3570,11.116601,2.000000,326.693390
3571,11.120171,4.000000,326.693390
3572,11.123296,3.000000,326.693390
3573,11.126500,3.000000,326.693390
3574,11.129342,3.000000,326.693390
3575,11.132211,3.000000,326.693390
3576,11.135540,3.000000,326.693390
3577,11.138260,3.000000,326.693390
3578,11.141657,3.000000,326.693390
3579,11.144517,3.000000,326.693390
3580,11.147588,3.000000,326.693390
3581,11.150819,4.000000,326.693390
3582,11.154095,3.000000,326.693390
3583,11.157257,3.000000,326.693390
3584,11.160136,3.000000,326.693390
3585,11.163259,3.000000,326.693390
3586,11.166118,3.000000,326.693390
3587,11.169454,3.000000,326.693390
3588,11.172079,3.000000,326.693390
3589,11.175271,3.000000,326.693390
3590,11.178049,3.000000,326.693390
3591,11.181332,3.000000,326.693390
3592,11.184109,3.000000,326.693390
3593,11.187598,3.000000,326.693390
3594,11.190748,4.000000,326.693390
3595,11.193610,2.000000,326.693390
3596,11.196772,4.000000,326.693390
3597,11.199622,2.000000,326.693390
3598,11.202467,3.000000,326.693390
3599,11.205605,3.000000,326.693390
3600,11.208733,3.000000,326.693390
3601,11.211951,4.000000,326.693390
3602,11.215029,3.000000,326.693390
3603,11.218271,3.000000,326.693390
3604,11.221094,3.000000,326.693390
3605,11.224608,3.000000,326.693390
3606,11.227440,3.000000,326.693390
3607,11.231011,4.000000,326.693390
3608,11.233460,2.000000,326.693390
3609,11.236267,3.000000,326.693390
3610,11.239540,3.000000,326.693390
3611,11.242429,3.000000,326.693390
3612,11.245583,3.000000,326.693390
3613,11.248420,3.000000,326.693390
3614,11.251854,4.000000,326.693390
3615,11.254665,2.000000,326.693390
3616,11.257464,3.000000,326.693390
3617,11.260658,3.000000,326.693390
3618,11.263685,3.000000,326.693390
3619,11.266822,4.000000,326.693390
3620,11.269587,2.000000,326.693390
3621,11.272988,4.000000,326.693390
3622,11.275782,3.000000,326.693390
3623,11.279098,3.000000,326.693390
3624,11.282124,3.000000,326.693390
3625,11.284964,3.000000,326.693390
3626,11.288480,3.000000,326.693390
3627,11.291431,3.000000,326.693390
3628,11.294615,3.000000,326.693390
3629,11.297426,3.000000,326.693390
3630,11.300584,3.000000,326.693390
3631,11.303384,3.000000,326.693390
3632,11.306626,3.000000,326.693390
3633,11.309436,3.000000,326.693390
3634,11.312261,3.000000,326.693390
3635,11.315809,4.000000,326.693390
3636,11.319015,3.000000,326.693390
3637,11.322143,3.000000,326.693390
3638,11.325232,3.000000,326.693390
3639,11.328242,3.000000,326.693390
3640,11.330968,3.000000,326.693390
3641,11.333814,3.000000,326.693390
3642,11.337437,3.000000,326.693390
3643,11.340330,3.000000,326.693390
3644,11.343294,3.000000,326.693390
3645,11.346109,3.000000,326.693390
3646,11.349475,3.000000,326.693390
3647,11.352569,3.000000,326.693390
3648,11.356276,4.000000,326.693390
3649,11.358980,3.000000,326.693390
3650,11.361842,3.000000,326.693390
3651,11.365108,3.000000,326.693390
3652,11.367928,3.000000,326.693390
3653,11.371216,3.000000,326.693390
3654,11.373970,3.000000,326.044006
3655,11.377157,3.000000,326.044006
3656,11.379959,3.000000,326.044006
3657,11.383645,3.000000,326.044006
3658,11.386554,3.000000,326.044006
3659,11.389734,3.000000,326.044006
3660,11.392568,3.000000,326.044006
3661,11.395445,3.000000,326.044006
3662,11.398570,3.000000,326.044006
3663,11.401477,3.000000,326.044006
3664,11.404894,4.000000,326.044006
3665,11.407686,2.000000,326.044006
3666,11.411006,4.000000,326.044006
3667,11.414160,3.000000,326.044006
3668,11.416986,3.000000,326.044006
3669,11.420494,3.000000,326.044006
3670,11.423346,3.000000,326.044006
3671,11.426567,3.000000,326.044006
3672,11.429361,3.000000,326.044006
3673,11.432755,4.000000,326.044006
3674,11.435409,2.000000,326.044006
3675,11.438240,3.000000,326.044006
3676,11.441450,3.000000,326.044006
3677,11.444259,3.000000,326.044006
3678,11.447784,4.000000,326.044006
3679,11.451017,3.000000,326.044006
3680,11.454060,3.000000,326.044006
3681,11.456891,3.000000,326.044006
3682,11.460115,3.000000,326.044006
3683,11.462893,3.000000,326.044006
3684,11.465798,3.000000,326.044006
3685,11.469314,3.000000,326.044006
3686,11.472213,3.000000,326.044006
3687,11.475239,3.000000,326.044006
3688,11.478035,3.000000,326.044006
3689,11.481316,3.000000,326.044006
3690,11.484676,3.000000,326.044006
3691,11.487905,4.000000,326.044006
3692,11.490677,2.000000,326.044006
3693,11.493539,3.000000,326.044006
3694,11.496744,4.000000,326.044006
3695,11.499629,2.000000,326.044006
3696,11.502765,4.000000,326.044006
3697,11.505614,2.000000,326.044006
3698,11.508870,4.000000,326.044006
3699,11.511637,2.000000,326.044006
3700,11.515603,4.000000,326.044006
3701,11.518335,3.000000,326.044006
3702,11.521176,3.000000,326.044006
3703,11.524397,3.000000,326.044006
3704,11.527454,3.000000,326.044006
3705,11.530438,3.000000,326.044006
3706,11.533269,3.000000,326.044006
3707,11.536972,4.000000,326.044006
3708,11.540029,3.000000,326.044006
3709,11.543230,3.000000,326.044006
3710,11.546035,3.000000,326.044006
3711,11.549059,3.000000,326.044006
3712,11.552419,3.000000,326.044006
3713,11.555274,3.000000,326.044006
3714,11.558477,3.000000,326.044006
3715,11.561325,3.000000,326.044006
3716,11.564485,3.000000,326.044006
3717,11.567281,3.000000,326.044006
3718,11.570518,3.000000,326.044006
3719,11.573449,3.000000,326.044006
3720,11.576225,3.000000,326.044006
3721,11.580032,4.000000,326.044006
3722,11.582959,3.000000,326.044006
3723,11.586337,3.000000,326.044006
3724,11.589233,3.000000,326.044006
3725,11.592326,3.000000,326.044006
3726,11.595135,3.000000,326.044006
3727,11.597976,3.000000,326.044006
3728,11.601406,3.000000,326.044006
3729,11.604237,3.000000,326.044006
3730,11.607755,4.000000,326.044006
3731,11.610657,2.000000,326.044006
3732,11.613804,4.000000,326.044006
3733,11.616927,3.000000,326.044006
3734,11.620238,3.000000,326.044006
3735,11.622929,3.000000,326.044006
3736,11.626250,3.000000,326.044006
3737,11.628963,3.000000,326.044006
3738,11.631819,3.000000,326.044006
3739,11.635029,3.000000,326.044006
3740,11.637848,3.000000,326.044006
3741,11.640997,3.000000,326.044006
3742,11.644078,3.000000,326.044006
3743,11.647666,3.000000,326.044006
3744,11.650471,3.000000,326.044006
3745,11.653307,3.000000,326.044006
3746,11.656569,3.000000,326.044006
3747,11.659424,3.000000,326.044006
3748,11.662541,3.000000,326.044006
3749,11.665717,3.000000,326.044006
3750,11.669334,4.000000,326.044006
3751,11.672181,3.000000,326.044006
3752,11.675476,3.000000,326.044006
3753,11.678118,3.000000,326.044006
3754,11.681605,3.000000,326.044006
3755,11.684339,3.000000,326.044006
3756,11.687241,3.000000,326.044006
3757,11.690323,3.000000,326.044006
3758,11.693209,3.000000,326.044006
3759,11.696366,3.000000,326.044006
3760,11.699375,3.000000,326.044006
3761,11.702383,3.000000,326.044006
3762,11.705211,3.000000,326.044006
3763,11.708085,3.000000,326.044006
3764,11.711698,3.000000,326.044006
3765,11.714518,3.000000,326.044006
3766,11.717810,4.000000,326.044006
3767,11.720600,2.000000,326.044006
3768,11.723795,4.000000,326.044006
3769,11.726611,2.000000,326.044006
3770,11.729447,3.000000,326.044006
3771,11.732882,4.000000,326.044006
3772,11.735768,3.000000,326.044006
3773,11.738796,3.000000,326.044006
3774,11.741575,2.000000,326.044006
3775,11.744994,4.000000,326.044006
3776,11.748252,3.000000,326.044006
3777,11.751424,3.000000,326.044006
3778,11.754255,3.000000,326.044006
3779,11.757115,3.000000,326.044006
3780,11.760322,3.000000,326.044006
3781,11.763099,3.000000,326.044006
3782,11.766351,3.000000,326.044006
3783,11.769119,3.000000,326.044006
3784,11.772314,3.000000,326.044006
3785,11.775805,4.000000,326.044006
3786,11.779172,3.000000,326.044006
3787,11.781754,3.000000,326.044006
3788,11.784637,2.000000,326.044006
3789,11.787757,4.000000,326.044006
3790,11.790576,2.000000,326.044006
3791,11.793789,4.000000,326.044006
3792,11.796929,3.000000,326.044006
3793,11.800207,3.000000,326.044006
3794,11.803048,3.000000,326.044006
3795,11.805873,3.000000,326.044006
3796,11.809206,3.000000,326.044006
3797,11.812284,3.000000,326.044006
3798,11.815420,3.000000,326.044006
3799,11.818273,3.000000,326.044006
3800,11.821464,3.000000,326.044006
3801,11.824243,3.000000,326.044006
3802,11.827084,3.000000,326.044006
3803,11.830296,3.000000,326.044006
3804,11.833154,3.000000,326.044006
3805,11.836339,3.000000,326.044006
3806,11.839457,3.000000,326.044006
3807,11.842943,4.000000,326.044006
3808,11.845698,2.000000,326.044006
3809,11.848944,4.000000,326.044006
3810,11.851768,3.000000,326.044006
3811,11.855005,3.000000,326.044006
3812,11.857822,3.000000,326.044006
3813,11.861061,3.000000,326.044006
3814,11.864778,3.000000,326.044006
3815,11.867803,4.000000,326.044006
3816,11.870675,2.000000,326.044006
3817,11.873597,3.000000,326.044006
3818,11.877034,4.000000,326.043945
3819,11.880030,3.000000,326.043945
3820,11.882943,3.000000,326.043945
3821,11.885994,3.000000,326.043945
3822,11.888901,3.000000,326.043945
3823,11.892017,3.000000,326.043945
3824,11.894807,3.000000,326.043945
3825,11.898001,3.000000,326.043945
3826,11.900846,3.000000,326.043945
3827,11.904152,3.000000,326.043945
3828,11.907446,3.000000,326.043945
3829,11.910701,3.000000,326.043945
3830,11.913447,3.000000,326.043945
3831,11.916550,3.000000,326.043945
3832,11.919877,4.000000,326.043945
3833,11.922262,2.000000,326.043945
3834,11.925500,3.000000,326.043945
3835,11.928661,3.000000,326.043945
3836,11.931548,3.000000,326.043945
3837,11.934737,4.000000,326.043945
3838,11.937632,2.000000,326.043945
3839,11.940806,4.000000,326.043945
3840,11.944132,3.000000,326.043945
3841,11.947163,3.000000,326.043945
3842,11.950000,3.000000,326.043945
3843,11.953223,3.000000,326.043945
3844,11.956047,3.000000,326.043945
3845,11.958839,3.000000,326.043945
3846,11.962186,3.000000,326.043945
3847,11.965096,3.000000,326.043945
3848,11.968128,3.000000,326.043945
3849,11.971551,3.000000,326.043945
3850,11.974764,4.000000,326.043945
3851,11.977620,2.000000,326.043945
3852,11.980825,4.000000,326.043945
3853,11.983587,2.000000,326.043945
3854,11.986474,3.000000,326.043945
3855,11.989627,3.000000,326.043945
3856,11.992791,4.000000,326.043945
3857,11.996326,3.000000,326.043945
3858,11.999162,3.000000,326.043945
3859,12.002363,3.000000,326.043945
3860,12.005154,3.000000,326.043945
3861,12.008584,3.000000,326.043945
3862,12.011529,3.000000,326.043945
3863,12.014200,3.000000,326.043945
3864,12.017417,3.000000,326.043945
3865,12.020292,3.000000,326.043945
3866,12.023441,3.000000,326.043945
3867,12.026268,3.000000,326.043945
3868,12.029508,3.000000,326.043945
3869,12.032268,3.000000,326.043945
3870,12.035435,3.000000,326.043945
3871,12.038847,4.000000,326.043945
3872,12.041741,2.000000,326.043945
3873,12.044890,4.000000,326.043945
3874,12.047726,2.000000,326.043945
3875,12.050930,4.000000,326.043945
3876,12.053725,2.000000,326.043945
3877,12.057096,4.000000,326.043945
3878,12.059923,3.000000,326.043945
3879,12.062706,2.000000,326.043945
3880,12.066282,4.000000,326.043945
3881,12.069112,3.000000,326.043945
3882,12.072590,3.000000,326.043945
3883,12.075390,3.000000,326.043945
3884,12.078609,3.000000,326.043945
3885,12.081360,3.000000,326.043945
3886,12.084595,3.000000,326.043945
3887,12.087380,3.000000,326.043945
3888,12.090329,3.000000,326.043945
3889,12.093429,3.000000,326.043945
3890,12.096339,3.000000,326.043945
3891,12.099751,4.000000,326.043945
3892,12.102901,3.000000,326.043945
3893,12.106180,3.000000,326.043945
3894,12.109217,3.000000,326.043945
3895,12.112375,3.000000,326.043945
3896,12.115182,3.000000,326.043945
3897,12.118037,3.000000,326.043945
3898,12.121240,3.000000,326.043945
3899,12.124407,3.000000,326.043945
3900,12.127517,3.000000,326.043945
3901,12.130368,3.000000,326.043945
3902,12.133571,3.000000,326.043945
3903,12.136462,3.000000,326.043945
3904,12.139509,3.000000,326.043945
3905,12.142772,4.000000,326.043945
3906,12.145672,2.000000,326.043945
3907,12.148819,4.000000,326.043945
3908,12.151718,2.000000,326.043945
3909,12.154849,4.000000,326.043945
3910,12.157640,2.000000,326.043945
3911,12.160448,3.000000,326.043945
3912,12.163692,3.000000,326.043945
3913,12.166806,3.000000,326.043945
3914,12.170211,4.000000,326.043945
3915,12.173013,3.000000,326.043945
3916,12.176235,3.000000,326.043945
3917,12.178955,3.000000,326.043945
3918,12.182197,3.000000,326.043945
3919,12.185030,3.000000,326.043945
3920,12.188335,3.000000,326.043945
3921,12.191699,3.000000,326.043945
3922,12.194848,4.000000,326.043945
3923,12.198195,3.000000,326.043945
3924,12.201065,3.000000,326.043945
3925,12.204427,3.000000,326.043945
3926,12.207221,3.000000,326.043945
3927,12.210416,3.000000,326.043945
3928,12.213234,3.000000,326.043945
3929,12.216451,3.000000,326.043945
3930,12.219275,3.000000,326.043945
3931,12.222103,3.000000,326.043945
3932,12.225339,3.000000,326.043945
3933,12.228107,3.000000,326.043945
3934,12.231728,3.000000,326.043945
3935,12.234838,4.000000,326.043945
3936,12.238045,3.000000,326.043945
3937,12.240870,3.000000,326.043945
3938,12.244186,3.000000,326.043945
3939,12.246925,3.000000,326.043945
3940,12.249761,3.000000,326.043945
3941,12.253319,3.000000,326.043945
3942,12.256095,3.000000,326.043945
3943,12.259228,3.000000,326.043945
3944,12.262029,3.000000,326.043945
3945,12.265293,3.000000,326.043945
3946,12.268188,3.000000,326.043945
3947,12.271300,3.000000,326.043945
3948,12.274506,3.000000,326.043945
3949,12.277418,3.000000,326.043945
3950,12.280532,3.000000,326.043945
3951,12.283978,4.000000,326.043945
3952,12.286553,2.000000,326.043945
3953,12.289365,3.000000,326.043945
3954,12.292323,3.000000,326.043945
3955,12.295509,3.000000,326.043945
3956,12.299020,4.000000,326.043945
3957,12.302047,3.000000,326.043945
3958,12.304877,3.000000,326.043945
3959,12.308052,3.000000,326.043945
3960,12.310900,3.000000,326.043945
3961,12.314063,3.000000,326.043945
3962,12.316917,3.000000,326.043945
3963,12.320257,3.000000,326.043945
3964,12.323614,3.000000,326.043945
3965,12.326562,3.000000,326.043945
3966,12.329669,3.000000,326.043945
3967,12.332474,3.000000,326.043945
3968,12.335895,4.000000,326.043945
3969,12.338806,2.000000,326.043945
3970,12.341977,4.000000,326.043945
3971,12.344746,3.000000,326.043945
3972,12.347584,2.000000,326.043945
3973,12.350770,4.000000,326.043945
3974,12.353627,2.000000,326.043945
3975,12.356765,4.000000,326.043945
3976,12.359578,2.000000,326.043945
3977,12.363450,4.000000,326.043945
3978,12.366158,3.000000,326.043945
3979,12.369322,3.000000,326.043945
3980,12.372119,3.000000,326.043945
3981,12.375023,3.000000,326.043945
3982,12.378269,3.000000,327.345459
3983,12.381011,3.000000,327.345459
3984,12.384348,3.000000,327.345459
3985,12.387160,3.000000,327.345459
3986,12.390400,3.000000,327.345459
3987,12.393196,3.000000,327.345459
3988,12.396059,3.000000,327.345459
3989,12.399735,4.000000,327.345459
3990,12.402606,2.000000,327.345459
3991,12.405794,4.000000,327.345459
3992,12.408596,2.000000,327.345459
3993,12.411824,4.000000,327.345459
3994,12.414626,2.000000,327.345459
3995,12.417913,4.000000,327.345459
3996,12.420683,2.000000,327.345459
3997,12.423513,3.000000,327.345459
3998,12.427111,4.000000,327.345459
3999,12.430277,3.000000,327.345459
4000,12.433405,3.000000,327.345459
4001,12.436218,3.000000,327.345459
4002,12.439455,3.000000,327.345459
4003,12.442275,3.000000,327.345459
4004,12.445043,3.000000,327.345459
4005,12.448676,3.000000,327.345459
4006,12.451346,3.000000,327.345459
4007,12.454604,3.000000,327.345459
4008,12.457419,3.000000,327.345459
4009,12.460623,3.000000,327.345459
4010,12.463481,3.000000,327.345459
4011,12.467008,4.000000,327.345459
4012,12.469822,3.000000,327.345459
4013,12.473018,3.000000,327.345459
4014,12.475818,3.000000,327.345459
4015,12.478836,2.000000,327.345459
4016,12.481851,4.000000,327.345459
4017,12.484648,2.000000,327.345459
4018,12.487899,4.000000,327.345459
4019,12.490695,2.000000,327.345459
4020,12.494655,4.000000,327.345459
4021,12.497570,3.000000,327.345459
4022,12.500245,3.000000,327.345459
4023,12.503433,3.000000,327.345459
4024,12.506201,3.000000,327.345459
4025,12.509362,3.000000,327.345459
4026,12.512196,3.000000,327.345459
4027,12.515747,4.000000,327.345459
4028,12.518594,2.000000,327.345459
4029,12.521356,3.000000,327.345459
4030,12.524574,3.000000,327.345459
4031,12.527450,3.000000,327.345459
4032,12.530797,4.000000,327.345459
4033,12.533597,2.000000,327.345459
4034,12.536868,4.000000,327.345459
4035,12.539642,2.000000,327.345459
4036,12.542895,4.000000,327.345459
4037,12.545697,2.000000,327.345459
4038,12.548501,3.000000,327.345459
4039,12.551744,4.000000,327.345459
4040,12.554509,2.000000,327.345459
4041,12.558336,4.000000,327.345459
4042,12.561083,3.000000,327.345459
4043,12.564276,3.000000,327.345459
4044,12.567086,3.000000,327.345459
4045,12.570315,3.000000,327.345459
4046,12.573091,3.000000,327.345459
4047,12.576009,3.000000,327.345459
4048,12.579279,3.000000,327.345459
4049,12.582070,3.000000,327.345459
4050,12.585157,3.000000,327.345459
4051,12.588745,4.000000,327.345459
4052,12.591992,3.000000,327.345459
4053,12.595060,3.000000,327.345459
4054,12.597865,3.000000,327.345459
4055,12.601145,3.000000,327.345459
4056,12.603969,3.000000,327.345459
4057,12.607131,3.000000,327.345459
4058,12.609975,3.000000,327.345459
4059,12.613201,3.000000,327.345459
4060,12.617137,4.000000,327.345459
4061,12.619937,3.000000,327.345459
4062,12.622403,2.000000,327.345459
4063,12.625605,3.000000,327.345459
4064,12.629000,4.000000,327.345459
4065,12.632069,3.000000,327.345459
4066,12.635257,3.000000,327.345459
4067,12.638047,3.000000,327.345459
4068,12.641305,3.000000,327.345459
4069,12.644462,3.000000,327.345459
4070,12.647593,3.000000,327.345459
4071,12.650768,4.000000,327.345459
4072,12.653964,3.000000,327.345459
4073,12.656770,3.000000,327.345459
4074,12.659790,3.000000,327.345459
4075,12.663069,3.000000,327.345459
4076,12.665850,3.000000,327.345459
4077,12.669091,3.000000,327.345459
4078,12.671918,3.000000,327.345459
4079,12.675166,3.000000,327.345459
4080,12.677935,3.000000,327.345459
4081,12.680770,3.000000,327.345459
4082,12.684056,3.000000,327.345459
4083,12.687046,3.000000,327.345459
4084,12.690557,3.000000,327.345459
4085,12.693341,3.000000,327.345459
4086,12.696657,3.000000,327.345459
4087,12.699350,3.000000,327.345459
4088,12.702582,3.000000,327.345459
4089,12.705412,3.000000,327.345459
4090,12.708269,3.000000,327.345459
4091,12.711721,3.000000,327.345459
4092,12.714381,3.000000,327.345459
4093,12.717576,3.000000,327.345459
4094,12.720404,3.000000,327.345459
4095,12.723619,3.000000,327.345459
4096,12.726741,4.000000,327.345459
4097,12.729585,2.000000,327.345459
4098,12.732817,4.000000,327.345459
4099,12.735853,3.000000,327.345459
4100,12.738831,3.000000,327.345459
4101,12.741657,2.000000,327.345459
4102,12.744877,4.000000,327.345459
4103,12.747720,2.000000,327.345459
4104,12.750541,3.000000,327.345459
4105,12.754375,4.000000,327.345459
4106,12.757554,3.000000,327.345459
4107,12.760378,3.000000,327.345459
4108,12.763395,3.000000,327.345459
4109,12.766446,3.000000,327.345459
4110,12.769225,3.000000,327.345459
4111,12.772406,3.000000,327.345459
4112,12.775437,3.000000,327.345459
4113,12.778717,3.000000,327.345459
4114,12.781994,4.000000,327.345459
4115,12.784784,3.000000,327.345459
4116,12.787972,3.000000,327.345459
4117,12.791151,3.000000,327.345459
4118,12.794314,3.000000,327.345459
4119,12.797112,3.000000,327.345459
4120,12.800339,3.000000,327.345459
4121,12.803136,3.000000,327.345459
4122,12.806078,3.000000,327.345459
4123,12.809181,3.000000,327.345459
4124,12.812269,3.000000,327.345459
4125,12.815173,3.000000,327.345459
4126,12.818370,3.000000,327.345459
4127,12.821956,4.000000,327.345459
4128,12.824698,2.000000,327.345459
4129,12.827917,4.000000,327.345459
4130,12.830775,3.000000,327.345459
4131,12.833915,3.000000,327.345459
4132,12.836776,3.000000,327.345459
4133,12.840132,3.000000,327.345459
4134,12.843129,3.000000,327.345459
4135,12.845933,3.000000,327.345459
4136,12.849217,3.000000,327.345459
4137,12.851984,3.000000,327.345459
4138,12.855459,3.000000,327.345459
4139,12.858288,3.000000,327.345459
4140,12.861118,3.000000,327.345459
4141,12.864287,3.000000,327.345459
4142,12.867053,3.000000,327.345459
4143,12.870298,3.000000,327.345459
4144,12.873068,3.000000,327.345459
4145,12.876372,3.000000,327.345459
4146,12.879160,3.000000,327.345581
4147,12.881991,3.000000,327.345581
4148,12.885655,3.000000,327.345581
4149,12.888526,3.000000,327.345581
4150,12.891654,3.000000,327.345581
4151,12.894456,3.000000,327.345581
4152,12.897694,3.000000,327.345581
4153,12.900552,3.000000,327.345581
4154,12.903416,3.000000,327.345581
4155,12.906859,4.000000,327.345581
4156,12.909563,2.000000,327.345581
4157,12.913172,4.000000,327.345581
4158,12.916004,3.000000,327.345581
4159,12.919142,3.000000,327.345581
4160,12.922298,3.000000,327.345581
4161,12.925545,3.000000,327.345581
4162,12.928380,3.000000,327.345581
4163,12.931578,3.000000,327.345581
4164,12.934385,3.000000,327.345581
4165,12.937258,3.000000,327.345581
4166,12.940410,3.000000,327.345581
4167,12.943238,3.000000,327.345581
4168,12.946444,3.000000,327.345581
4169,12.949864,4.000000,327.345581
4170,12.953192,3.000000,327.345581
4171,12.955885,3.000000,327.345581
4172,12.958700,2.000000,327.345581
4173,12.961908,4.000000,327.345581
4174,12.964814,3.000000,327.345581
4175,12.967965,3.000000,327.345581
4176,12.970990,3.000000,327.345581
4177,12.974266,3.000000,327.345581
4178,12.977030,3.000000,327.345581
4179,12.979910,3.000000,327.345581
4180,12.983457,3.000000,327.345581
4181,12.986549,3.000000,327.345581
4182,12.989711,3.000000,327.345581
4183,12.992572,3.000000,327.345581
4184,12.995738,4.000000,327.345581
4185,12.998576,2.000000,327.345581
4186,13.001758,4.000000,327.345581
4187,13.004563,2.000000,327.345581
4188,13.007840,4.000000,327.345581
4189,13.010829,2.000000,327.345581
4190,13.013818,4.000000,327.345581
4191,13.017165,3.000000,327.345581
4192,13.019968,3.000000,327.345581
4193,13.023171,3.000000,327.345581
4194,13.026116,3.000000,327.345581
4195,13.029259,3.000000,327.345581
4196,13.032008,3.000000,327.345581
4197,13.035150,3.000000,327.345581
4198,13.038578,3.000000,327.345581
4199,13.041415,3.000000,327.345581
4200,13.044657,3.000000,327.345581
4201,13.047404,3.000000,327.345581
4202,13.051041,4.000000,327.345581
4203,13.053772,3.000000,327.345581
4204,13.057045,3.000000,327.345581
4205,13.059823,3.000000,327.345581
4206,13.062667,2.000000,327.345581
4207,13.065901,4.000000,327.345581
4208,13.068712,2.000000,327.345581
4209,13.071909,4.000000,327.345581
4210,13.074747,3.000000,327.345581
4211,13.077968,3.000000,327.345581
4212,13.081374,3.000000,327.345581
4213,13.084342,3.000000,327.345581
4214,13.087382,3.000000,327.345581
4215,13.090218,3.000000,327.345581
4216,13.093448,3.000000,327.345581
4217,13.096327,3.000000,327.345581
4218,13.099495,3.000000,327.345581
4219,13.102561,3.000000,327.345581
4220,13.105700,3.000000,327.345581
4221,13.109120,4.000000,327.345581
4222,13.111910,3.000000,327.345581
4223,13.115034,3.000000,327.345581
4224,13.118149,3.000000,327.345581
4225,13.121311,3.000000,327.345581
4226,13.124213,3.000000,327.345581
4227,13.127387,3.000000,327.345581
4228,13.130216,3.000000,327.345581
4229,13.133468,3.000000,327.345581
4230,13.136283,3.000000,327.345581
4231,13.139128,3.000000,327.345581
4232,13.142286,3.000000,327.345581
4233,13.145812,4.000000,327.345581
4234,13.148964,3.000000,327.345581
4235,13.152098,3.000000,327.345581
4236,13.155274,3.000000,327.345581
4237,13.158069,3.000000,327.345581
4238,13.161331,3.000000,327.345581
4239,13.164080,3.000000,327.345581
4240,13.167453,3.000000,327.345581
4241,13.170803,4.000000,327.345581
4242,13.173747,2.000000,327.345581
4243,13.176909,4.000000,327.345581
4244,13.179679,2.000000,327.345581
4245,13.183170,4.000000,327.345581
4246,13.185935,3.000000,327.345581
4247,13.189146,3.000000,327.345581
4248,13.191961,3.000000,327.345581
4249,13.194732,2.000000,327.345581
4250,13.197995,4.000000,327.345581
4251,13.201498,3.000000,327.345581
4252,13.204085,3.000000,327.345581
4253,13.206818,3.000000,327.345581
4254,13.210056,3.000000,327.345581
4255,13.213193,3.000000,327.345581
4256,13.216071,3.000000,327.345581
4257,13.219152,3.000000,327.345581
4258,13.222022,3.000000,327.345581
4259,13.225287,3.000000,327.345581
4260,13.228020,3.000000,327.345581
4261,13.231605,3.000000,327.345581
4262,13.234351,3.000000,327.345581
4263,13.237382,3.000000,327.345581
4264,13.240739,4.000000,327.345581
4265,13.243769,2.000000,327.345581
4266,13.246996,4.000000,327.345581
4267,13.249942,3.000000,327.345581
4268,13.253196,3.000000,327.345581
4269,13.255923,3.000000,327.345581
4270,13.259175,3.000000,327.345581
4271,13.262000,3.000000,327.345581
4272,13.264838,3.000000,327.345581
4273,13.268034,3.000000,327.345581
4274,13.270883,3.000000,327.345581
4275,13.274069,3.000000,327.345581
4276,13.277647,3.000000,327.345581
4277,13.280794,4.000000,327.345581
4278,13.283626,2.000000,327.345581
4279,13.286814,4.000000,327.345581
4280,13.289683,2.000000,327.345581
4281,13.292856,4.000000,327.345581
4282,13.295743,3.000000,327.345581
4283,13.298795,3.000000,327.345581
4284,13.302555,3.000000,327.345581
4285,13.305245,3.000000,327.345581
4286,13.308503,3.000000,327.345581
4287,13.311256,3.000000,327.345581
4288,13.314650,3.000000,327.345581
4289,13.317464,3.000000,327.345581
4290,13.320770,4.000000,327.345581
4291,13.323561,2.000000,327.345581
4292,13.326765,3.000000,327.345581
4293,13.329606,3.000000,327.345581
4294,13.332386,3.000000,327.345581
4295,13.335609,3.000000,327.345581
4296,13.338426,3.000000,327.345581
4297,13.341805,4.000000,327.345581
4298,13.344927,3.000000,327.345581
4299,13.348189,3.000000,327.345581
4300,13.351382,3.000000,327.345581
4301,13.354104,3.000000,327.345581
4302,13.357040,3.000000,327.345581
4303,13.359786,3.000000,327.345581
4304,13.363178,3.000000,327.345581
4305,13.365984,3.000000,327.345581
4306,13.369058,3.000000,327.345581
4307,13.372481,3.000000,327.345581
4308,13.375249,3.000000,327.345581
4309,13.378841,4.000000,327.345581
4310,13.381674,2.000000,326.693390
4311,13.384871,4.000000,326.693390
4312,13.387668,2.000000,326.693390
4313,13.390831,4.000000,326.693390
4314,13.393656,2.000000,326.693390
4315,13.396478,3.000000,326.693390
4316,13.399684,3.000000,326.693390
4317,13.402489,3.000000,326.693390
4318,13.405675,3.000000,326.693390
4319,13.409185,4.000000,326.693390
4320,13.412271,3.000000,326.693390
4321,13.415111,3.000000,326.693390
4322,13.418391,3.000000,326.693390
4323,13.421105,3.000000,326.693390
4324,13.424002,3.000000,326.693390
4325,13.427197,3.000000,326.693390
4326,13.430346,3.000000,326.693390
4327,13.433682,3.000000,326.693390
4328,13.436652,3.000000,326.693390
4329,13.439854,4.000000,326.693390
4330,13.442720,2.000000,326.693390
4331,13.446289,4.000000,326.693390
4332,13.449107,3.000000,326.693390
4333,13.452260,3.000000,326.693390
4334,13.455065,3.000000,326.693390
4335,13.457967,3.000000,326.693390
4336,13.461164,3.000000,326.693390
4337,13.463900,3.000000,326.693390
4338,13.467154,3.000000,326.693390
4339,13.469959,3.000000,326.693390
4340,13.473677,3.000000,326.693390
4341,13.476648,3.000000,326.693390
4342,13.479385,3.000000,326.693390
4343,13.482493,3.000000,326.693390
4344,13.485329,3.000000,326.693390
4345,13.488500,3.000000,326.693390
4346,13.491321,3.000000,326.693390
4347,13.494847,4.000000,326.693390
4348,13.497619,2.000000,326.693390
4349,13.500698,3.000000,326.693390
4350,13.504022,4.000000,326.693390
4351,13.506832,3.000000,326.693390
4352,13.510430,3.000000,326.693390
4353,13.513275,3.000000,326.693390
4354,13.516422,3.000000,326.693390
4355,13.519241,3.000000,326.693390
4356,13.522430,3.000000,326.693390
4357,13.525410,3.000000,326.693390
4358,13.528243,3.000000,326.693390
4359,13.531361,3.000000,326.693390
4360,13.534214,3.000000,326.693390
4361,13.537631,3.000000,326.693390
4362,13.540775,4.000000,326.693390
4363,13.544011,3.000000,326.693390
4364,13.546771,3.000000,326.693390
4365,13.549969,3.000000,326.693390
4366,13.552778,3.000000,326.693390
4367,13.555673,2.000000,326.693390
4368,13.559129,4.000000,326.693390
4369,13.561969,3.000000,326.693390
4370,13.565437,3.000000,326.693390
4371,13.568369,3.000000,326.693390
4372,13.571410,3.000000,326.693390
4373,13.574601,3.000000,326.693390
4374,13.577764,4.000000,326.693390
4375,13.580574,2.000000,326.693390
4376,13.583448,3.000000,326.693390
4377,13.586605,3.000000,326.693390
4378,13.589455,3.000000,326.693390
4379,13.592666,3.000000,326.693390
4380,13.595478,3.000000,326.693390
4381,13.598743,4.000000,326.693390
4382,13.601643,2.000000,326.693390
4383,13.604960,4.000000,326.693390
4384,13.608157,3.000000,326.693390
4385,13.611052,3.000000,326.693390
4386,13.614265,3.000000,326.693390
4387,13.617023,3.000000,326.693390
4388,13.620327,3.000000,326.693390
4389,13.623734,3.000000,326.693390
4390,13.626560,3.000000,326.693390
4391,13.629340,3.000000,326.693390
4392,13.632422,3.000000,326.693390
4393,13.635787,4.000000,326.693390
4394,13.638705,2.000000,326.693390
4395,13.642061,4.000000,326.693390
4396,13.644858,3.000000,326.693390
4397,13.648088,3.000000,326.693390
4398,13.650839,3.000000,326.693390
4399,13.654149,3.000000,326.693390
4400,13.656851,3.000000,326.693390
4401,13.659761,3.000000,326.693390
4402,13.662981,3.000000,326.693390
4403,13.665742,3.000000,326.693390
4404,13.669539,3.000000,326.693390
4405,13.672297,3.000000,326.693390
4406,13.675694,3.000000,326.693390
4407,13.678532,3.000000,326.693390
4408,13.681684,3.000000,326.693390
4409,13.684478,3.000000,326.693390
4410,13.687350,3.000000,326.693390
4411,13.690685,3.000000,326.693390
4412,13.693487,3.000000,326.693390
4413,13.697147,4.000000,326.693390
4414,13.699930,3.000000,326.693390
4415,13.703111,3.000000,326.693390
4416,13.706229,3.000000,326.693390
4417,13.709497,3.000000,326.693390
4418,13.712296,3.000000,326.693390
4419,13.722770,5.000000,326.693390
4420,13.728710,10.000000,326.693390
4421,13.732540,5.000000,326.693390
4422,13.737119,5.000000,326.693390
4423,13.741114,4.000000,326.693390
4424,13.745224,4.000000,326.693390
4425,13.748351,3.000000,326.693390
4426,13.751503,3.000000,326.693390
4427,13.754424,3.000000,326.693390
4428,13.757949,4.000000,326.693390
4429,13.761100,3.000000,326.693390
4430,13.764336,3.000000,326.693390
4431,13.770485,6.000000,326.693390
4432,13.773686,3.000000,326.693390
4433,13.776229,3.000000,326.693390
4434,13.778757,2.000000,326.693390
4435,13.781476,3.000000,326.693390
4436,13.784240,3.000000,326.693390
4437,13.788504,4.000000,326.693390
4438,13.792601,4.000000,326.693390
4439,13.796111,4.000000,326.693390
4440,13.799137,3.000000,326.693390
4441,13.802056,3.000000,326.693390
4442,13.805736,3.000000,326.693390
4443,13.809355,4.000000,326.693390
4444,13.812708,3.000000,326.693390
4445,13.815555,3.000000,326.693390
4446,13.817979,3.000000,326.693390
4447,13.820953,3.000000,326.693390
4448,13.823538,2.000000,326.693390
4449,13.826154,3.000000,326.693390
4450,13.828900,3.000000,326.693390
4451,13.831615,2.000000,326.693390
4452,13.834445,3.000000,326.693390
4453,13.837355,3.000000,326.693390
4454,13.840234,3.000000,326.693390
4455,13.843058,3.000000,326.693390
4456,13.845804,3.000000,326.693390
4457,13.849387,3.000000,326.693390
4458,13.852102,3.000000,326.693390
4459,13.855067,3.000000,326.693390
4460,13.858984,4.000000,326.693390
4461,13.861870,3.000000,326.693390
4462,13.865542,3.000000,326.693390
4463,13.868381,3.000000,326.693390
4464,13.871677,3.000000,326.693390
4465,13.874599,3.000000,326.693390
4466,13.877958,4.000000,326.693390
4467,13.881040,3.000000,326.693390
4468,13.884297,3.000000,314.115448
4469,13.887005,3.000000,314.115448
4470,13.890774,4.000000,314.115448
4471,13.893798,3.000000,314.115448
4472,13.897267,3.000000,314.115448
4473,13.900388,3.000000,314.115448
4474,13.903523,3.000000,314.115448
4475,13.906720,3.000000,314.115448
4476,13.909586,3.000000,314.115448
4477,13.913182,4.000000,314.115448
4478,13.915900,3.000000,314.115448
4479,13.919923,3.000000,314.115448
4480,13.923224,4.000000,314.115448
4481,13.926584,3.000000,314.115448
4482,13.929859,3.000000,314.115448
4483,13.933877,4.000000,314.115448
4484,13.937834,4.000000,314.115448
4485,13.941153,3.000000,314.115448
4486,13.944937,4.000000,314.115448
4487,13.948307,4.000000,314.115448
4488,13.951312,3.000000,314.115448
4489,13.954376,3.000000,314.115448
4490,13.957616,3.000000,314.115448
4491,13.962784,5.000000,314.115448
4492,13.967041,4.000000,314.115448
4493,13.971525,4.000000,314.115448
4494,13.975477,5.000000,314.115448
4495,13.979354,3.000000,314.115448
4496,13.983298,4.000000,314.115448
4497,13.987202,5.000000,314.115448
4498,13.991407,3.000000,314.115448
4499,13.995410,5.000000,314.115448
4500,13.998670,3.000000,314.115448
4501,14.001925,4.000000,314.115448
4502,14.005096,3.000000,314.115448
4503,14.008430,3.000000,314.115448
4504,14.011282,3.000000,314.115448
4505,14.014384,3.000000,314.115448
4506,14.017351,3.000000,314.115448
4507,14.020009,3.000000,314.115448
4508,14.023296,3.000000,314.115448
4509,14.027052,3.000000,314.115448
4510,14.030695,4.000000,314.115448
4511,14.033884,4.000000,314.115448
4512,14.037290,3.000000,314.115448
4513,14.040504,3.000000,314.115448
4514,14.043616,3.000000,314.115448
4515,14.046695,3.000000,314.115448
4516,14.049844,4.000000,314.115448
4517,14.053190,3.000000,314.115448
4518,14.056399,3.000000,314.115448
4519,14.059643,3.000000,314.115448
4520,14.063118,4.000000,314.115448
4521,14.066751,3.000000,314.115448
4522,14.070328,4.000000,314.115448
4523,14.074338,4.000000,314.115448
4524,14.077932,3.000000,314.115448
4525,14.081331,4.000000,314.115448
4526,14.085875,3.000000,314.115448
4527,14.089453,5.000000,314.115448
4528,14.093714,3.000000,314.115448
4529,14.097047,4.000000,314.115448
4530,14.100619,4.000000,314.115448
4531,14.103775,3.000000,314.115448
4532,14.107331,3.000000,314.115448
4533,14.110805,4.000000,314.115448
4534,14.114761,4.000000,314.115448
4535,14.120755,5.000000,314.115448
4536,14.124266,5.000000,314.115448
4537,14.127839,3.000000,314.115448
4538,14.131219,4.000000,314.115448
4539,14.134808,3.000000,314.115448
4540,14.138347,3.000000,314.115448
4541,14.142805,4.000000,314.115448
4542,14.147828,5.000000,314.115448
4543,14.153005,5.000000,314.115448
4544,14.158791,5.000000,314.115448
4545,14.163743,6.000000,314.115448
4546,14.168062,5.000000,314.115448
4547,14.171976,4.000000,314.115448
4548,14.175814,4.000000,314.115448
4549,14.179518,4.000000,314.115448
4550,14.183152,4.000000,314.115448
4551,14.187337,4.000000,314.115448
4552,14.190958,3.000000,314.115448
4553,14.194323,4.000000,314.115448
4554,14.197496,3.000000,314.115448
4555,14.200401,3.000000,314.115448
4556,14.203484,3.000000,314.115448
4557,14.207395,3.000000,314.115448
4558,14.210459,4.000000,314.115448
4559,14.212953,3.000000,314.115448
4560,14.216207,3.000000,314.115448
4561,14.218955,3.000000,314.115448
4562,14.222346,3.000000,314.115448
4563,14.225661,3.000000,314.115448
4564,14.228452,3.000000,314.115448
4565,14.231568,3.000000,314.115448
4566,14.234273,3.000000,314.115448
4567,14.237875,3.000000,314.115448
4568,14.240898,3.000000,314.115448
4569,14.244140,4.000000,314.115448
4570,14.247236,2.000000,314.115448
4571,14.250165,4.000000,314.115448
4572,14.253385,3.000000,314.115448
4573,14.256041,3.000000,314.115448
4574,14.259343,2.000000,314.115448
4575,14.262052,3.000000,314.115448
4576,14.265223,3.000000,314.115448
4577,14.268276,4.000000,314.115448
4578,14.271065,3.000000,314.115448
4579,14.273764,3.000000,314.115448
4580,14.276333,2.000000,314.115448
4581,14.279167,3.000000,314.115448
4582,14.282382,3.000000,314.115448
4583,14.285433,3.000000,314.115448
4584,14.288465,3.000000,314.115448
4585,14.291379,3.000000,314.115448
4586,14.294743,3.000000,314.115448
4587,14.297662,3.000000,314.115448
4588,14.302247,5.000000,314.115448
4589,14.304903,3.000000,314.115448
4590,14.308502,3.000000,314.115448
4591,14.311122,3.000000,314.115448
4592,14.314789,3.000000,314.115448
4593,14.317699,3.000000,314.115448
4594,14.320954,4.000000,314.115448
4595,14.323778,2.000000,314.115448
4596,14.326542,3.000000,314.115448
4597,14.330236,4.000000,314.115448
4598,14.333621,3.000000,314.115448
4599,14.337223,4.000000,314.115448
4600,14.340433,3.000000,314.115448
4601,14.343881,4.000000,314.115448
4602,14.346637,2.000000,314.115448
4603,14.350554,4.000000,314.115448
4604,14.354184,4.000000,314.115448
4605,14.357311,3.000000,314.115448
4606,14.360891,4.000000,314.115448
4607,14.364558,3.000000,314.115448
4608,14.368122,4.000000,314.115448
4609,14.371539,3.000000,314.115448
4610,14.374261,3.000000,314.115448
4611,14.378187,4.000000,314.115448
4612,14.381052,3.000000,314.115448
4613,14.384265,3.000000,314.115448
4614,14.387109,3.000000,290.258545
4615,14.390824,4.000000,290.258545
4616,14.394309,3.000000,290.258545
4617,14.398023,4.000000,290.258545
4618,14.400892,3.000000,290.258545
4619,14.404399,3.000000,290.258545
4620,14.407390,3.000000,290.258545
4621,14.410152,3.000000,290.258545
4622,14.413323,3.000000,290.258545
4623,14.416278,3.000000,290.258545
4624,14.419337,3.000000,290.258545
4625,14.422268,3.000000,290.258545
4626,14.425733,3.000000,290.258545
4627,14.429293,4.000000,290.258545
4628,14.433235,4.000000,290.258545
4629,14.435908,3.000000,290.258545
4630,14.439431,3.000000,290.258545
4631,14.442207,3.000000,290.258545
4632,14.445422,3.000000,290.258545
4633,14.448350,3.000000,290.258545
4634,14.451174,3.000000,290.258545
4635,14.454738,3.000000,290.258545
4636,14.457572,3.000000,290.258545
4637,14.461302,4.000000,290.258545
4638,14.464387,3.000000,290.258545
4639,14.468084,4.000000,290.258545
4640,14.470766,2.000000,290.258545
4641,14.474371,4.000000,290.258545
4642,14.477006,3.000000,290.258545
4643,14.480269,3.000000,290.258545
4644,14.483466,3.000000,290.258545
4645,14.486188,3.000000,290.258545
4646,14.489563,3.000000,290.258545
4647,14.492400,3.000000,290.258545
4648,14.496553,4.000000,290.258545
4649,14.499344,3.000000,290.258545
4650,14.503607,4.000000,290.258545
4651,14.506378,3.000000,290.258545
4652,14.510177,4.000000,290.258545
4653,14.512818,3.000000,290.258545
4654,14.516274,3.000000,290.258545
4655,14.519027,3.000000,290.258545
4656,14.522465,3.000000,290.258545
4657,14.525910,4.000000,290.258545
4658,14.529614,3.000000,290.258545
4659,14.532670,3.000000,290.258545
4660,14.536267,4.000000,290.258545
4661,14.538957,3.000000,290.258545
4662,14.541868,3.000000,290.258545
4663,14.545155,3.000000,290.258545
4664,14.548149,3.000000,290.258545
4665,14.551549,3.000000,290.258545
4666,14.554216,3.000000,290.258545
4667,14.558300,4.000000,290.258545
4668,14.561316,3.000000,290.258545
4669,14.565356,4.000000,290.258545
4670,14.567982,3.000000,290.258545
4671,14.571445,3.000000,290.258545
4672,14.574205,3.000000,290.258545
4673,14.577322,3.000000,290.258545
4674,14.580591,3.000000,290.258545
4675,14.583794,3.000000,290.258545
4676,14.586896,4.000000,290.258545
4677,14.589777,2.000000,290.258545
4678,14.593462,4.000000,290.258545
4679,14.596590,3.000000,290.258545
4680,14.600217,4.000000,290.258545
4681,14.603140,3.000000,290.258545
4682,14.607047,4.000000,290.258545
4683,14.609912,3.000000,290.258545
4684,14.613369,3.000000,290.258545
4685,14.616063,3.000000,290.258545
4686,14.619116,3.000000,290.258545
4687,14.622556,3.000000,290.258545
4688,14.625947,4.000000,290.258545
4689,14.629005,3.000000,290.258545
4690,14.632229,3.000000,290.258545
4691,14.636230,4.000000,290.258545
4692,14.639682,3.000000,290.258545
4693,14.642719,3.000000,290.258545
4694,14.646038,4.000000,290.258545
4695,14.649305,3.000000,290.258545
4696,14.652171,3.000000,290.258545
4697,14.655965,4.000000,290.258545
4698,14.658686,2.000000,290.258545
4699,14.661900,4.000000,290.258545
4700,14.664709,2.000000,290.258545
4701,14.668043,4.000000,290.258545
4702,14.671325,3.000000,290.258545
4703,14.674355,3.000000,290.258545
4704,14.677554,3.000000,290.258545
4705,14.680467,3.000000,290.258545
4706,14.683985,4.000000,290.258545
4707,14.687110,3.000000,290.258545
4708,14.690101,3.000000,290.258545
4709,14.693545,3.000000,290.258545
4710,14.697447,4.000000,290.258545
4711,14.700637,3.000000,290.258545
4712,14.704365,4.000000,290.258545
4713,14.707339,3.000000,290.258545
4714,14.710858,4.000000,290.258545
4715,14.713571,2.000000,290.258545
4716,14.717549,4.000000,290.258545
4717,14.720530,3.000000,290.258545
4718,14.723792,4.000000,290.258545
4719,14.727322,3.000000,290.258545
4720,14.731012,4.000000,290.258545
4721,14.734013,3.000000,290.258545
4722,14.737041,3.000000,290.258545
4723,14.740137,3.000000,290.258545
4724,14.742944,3.000000,290.258545
4725,14.746779,3.000000,290.258545
4726,14.749789,4.000000,290.258545
4727,14.752771,3.000000,290.258545
4728,14.755535,2.000000,290.258545
4729,14.758954,4.000000,290.258545
4730,14.762680,3.000000,290.258545
4731,14.766771,5.000000,290.258545
4732,14.769535,2.000000,290.258545
4733,14.773017,4.000000,290.258545
4734,14.775893,3.000000,290.258545
4735,14.779066,3.000000,290.258545
4736,14.782312,3.000000,290.258545
4737,14.785301,3.000000,290.258545
4738,14.788703,3.000000,290.258545
4739,14.791376,3.000000,290.258545
4740,14.795540,4.000000,290.258545
4741,14.798460,3.000000,290.258545
4742,14.802012,4.000000,290.258545
4743,14.804877,3.000000,290.258545
4744,14.808393,3.000000,290.258545
4745,14.811045,3.000000,290.258545
4746,14.814315,3.000000,290.258545
4747,14.817048,3.000000,290.258545
4748,14.819926,3.000000,290.258545
4749,14.823401,3.000000,290.258545
4750,14.826534,3.000000,290.258545
4751,14.830351,4.000000,290.258545
4752,14.833393,3.000000,290.258545
4753,14.836895,4.000000,290.258545
4754,14.839927,3.000000,290.258545
4755,14.843227,3.000000,290.258545
4756,14.845941,3.000000,290.258545
4757,14.849441,3.000000,290.258545
4758,14.852229,3.000000,290.258545
4759,14.855407,3.000000,290.258545
4760,14.859329,4.000000,290.258545
4761,14.862893,4.000000,290.258545
4762,14.866033,3.000000,290.258545
4763,14.869558,3.000000,290.258545
4764,14.872378,3.000000,290.258545
4765,14.875472,3.000000,290.258545
4766,14.878501,3.000000,290.258545
4767,14.881444,3.000000,290.258545
4768,14.885063,4.000000,290.258545
4769,14.888419,3.000000,309.381317
4770,14.892347,4.000000,309.381317
4771,14.895240,3.000000,309.381317
4772,14.899139,4.000000,309.381317
4773,14.902341,3.000000,309.381317
4774,14.906277,4.000000,309.381317
4775,14.908881,3.000000,309.381317
4776,14.911978,3.000000,309.381317
4777,14.914693,2.000000,309.381317
4778,14.917800,4.000000,309.381317
4779,14.921068,3.000000,309.381317
4780,14.923989,3.000000,309.381317
4781,14.928029,4.000000,309.381317
4782,14.930879,3.000000,309.381317
4783,14.934361,3.000000,309.381317
4784,14.937192,3.000000,309.381317
4785,14.940493,3.000000,309.381317
4786,14.943301,3.000000,309.381317
4787,14.946807,4.000000,309.381317
4788,14.949568,2.000000,309.381317
4789,14.953061,4.000000,309.381317
4790,14.955816,3.000000,309.381317
4791,14.959339,3.000000,309.381317
4792,14.962631,3.000000,309.381317
4793,14.965563,3.000000,309.381317
4794,14.969306,4.000000,309.381317
4795,14.972053,3.000000,309.381317
4796,14.975440,3.000000,309.381317
4797,14.978234,3.000000,309.381317
4798,14.981678,3.000000,309.381317
4799,14.984406,3.000000,309.381317
4800,14.987899,4.000000,309.381317
4801,14.990735,3.000000,309.381317
4802,14.994233,3.000000,309.381317
4803,14.997767,4.000000,309.381317
4804,15.001162,3.000000,309.381317
4805,15.004789,4.000000,309.381317
4806,15.008101,3.000000,309.381317
4807,15.011177,3.000000,309.381317
4808,15.014016,3.000000,309.381317
4809,15.017586,3.000000,309.381317
4810,15.020474,3.000000,309.381317
4811,15.023799,4.000000,309.381317
4812,15.027509,3.000000,309.381317
4813,15.030972,4.000000,309.381317
4814,15.033692,2.000000,309.381317
4815,15.037159,4.000000,309.381317
4816,15.039945,3.000000,309.381317
4817,15.043322,3.000000,309.381317
4818,15.046137,3.000000,309.381317
4819,15.048926,3.000000,309.381317
4820,15.052303,3.000000,309.381317
4821,15.055363,3.000000,309.381317
4822,15.059050,4.000000,309.381317
4823,15.061827,3.000000,309.381317
4824,15.065593,3.000000,309.381317
4825,15.068369,3.000000,309.381317
4826,15.071914,4.000000,309.381317
4827,15.074762,3.000000,309.381317
4828,15.078280,3.000000,309.381317
4829,15.080989,3.000000,309.381317
4830,15.084376,3.000000,309.381317
4831,15.087194,3.000000,309.381317
4832,15.090085,3.000000,309.381317
4833,15.094405,4.000000,309.381317
4834,15.097421,3.000000,309.381317
4835,15.100404,3.000000,309.381317
4836,15.103680,3.000000,309.381317
4837,15.107166,4.000000,309.381317
4838,15.109827,3.000000,309.381317
4839,15.113751,4.000000,309.381317
4840,15.116494,2.000000,309.381317
4841,15.120046,4.000000,309.381317
4842,15.122866,3.000000,309.381317
4843,15.126294,3.000000,309.381317
4844,15.129691,3.000000,309.381317
4845,15.132875,4.000000,309.381317
4846,15.136109,3.000000,309.381317
4847,15.138955,3.000000,309.381317
4848,15.142281,3.000000,309.381317
4849,15.145059,3.000000,309.381317
4850,15.148610,3.000000,309.381317
4851,15.152839,5.000000,309.381317
4852,15.156055,3.000000,309.381317
4853,15.158965,3.000000,309.381317
4854,15.162500,3.000000,309.381317
4855,15.166473,4.000000,309.381317
4856,15.170998,5.000000,309.381317
4857,15.174279,3.000000,309.381317
4858,15.178287,4.000000,309.381317
4859,15.183048,5.000000,309.381317
4860,15.187557,4.000000,309.381317
4861,15.191136,4.000000,309.381317
4862,15.194030,3.000000,309.381317
4863,15.197755,3.000000,309.381317
4864,15.201134,4.000000,309.381317
4865,15.204576,3.000000,309.381317
4866,15.208224,4.000000,309.381317
4867,15.211054,3.000000,309.381317
4868,15.214452,3.000000,309.381317
4869,15.217547,3.000000,309.381317
4870,15.220319,3.000000,309.381317
4871,15.223151,3.000000,309.381317
4872,15.225916,3.000000,309.381317
4873,15.229017,3.000000,309.381317
4874,15.231805,3.000000,309.381317
4875,15.234437,2.000000,309.381317
4876,15.237536,3.000000,309.381317
4877,15.240589,3.000000,309.381317
4878,15.244295,4.000000,309.381317
4879,15.247605,3.000000,309.381317
4880,15.250775,3.000000,309.381317
4881,15.253570,3.000000,309.381317
4882,15.256486,3.000000,309.381317
4883,15.260086,4.000000,309.381317
4884,15.263331,3.000000,309.381317
4885,15.266397,3.000000,309.381317
4886,15.269421,3.000000,309.381317
4887,15.273183,4.000000,309.381317
4888,15.276452,3.000000,309.381317
4889,15.282299,4.000000,309.381317
4890,15.288874,8.000000,309.381317
4891,15.293181,5.000000,309.381317
4892,15.297596,4.000000,309.381317
4893,15.301617,4.000000,309.381317
4894,15.306495,5.000000,309.381317
4895,15.311000,5.000000,309.381317
4896,15.315372,4.000000,309.381317
4897,15.319746,4.000000,309.381317
4898,15.324220,5.000000,309.381317
4899,15.328351,4.000000,309.381317
4900,15.332636,4.000000,309.381317
4901,15.337272,5.000000,309.381317
4902,15.341503,4.000000,309.381317
4903,15.345867,4.000000,309.381317
4904,15.349835,4.000000,309.381317
4905,15.353993,5.000000,309.381317
4906,15.357986,4.000000,309.381317
4907,15.362002,4.000000,309.381317
4908,15.364617,2.000000,309.381317
4909,15.367316,3.000000,309.381317
4910,15.370398,3.000000,309.381317
4911,15.374786,4.000000,309.381317
4912,15.377895,4.000000,309.381317
4913,15.380536,2.000000,309.381317
4914,15.383459,3.000000,309.381317
4915,15.387606,4.000000,309.381317
4916,15.392385,5.000000,291.666687
4917,15.396310,4.000000,291.666687
4918,15.400438,4.000000,291.666687
4919,15.405988,6.000000,291.666687
4920,15.409033,3.000000,291.666687
4921,15.412674,3.000000,291.666687
4922,15.415436,3.000000,291.666687
4923,15.419328,4.000000,291.666687
4924,15.422076,3.000000,291.666687
4925,15.426222,4.000000,291.666687
4926,15.429028,3.000000,291.666687
4927,15.433127,4.000000,291.666687
4928,15.435830,3.000000,291.666687
4929,15.439834,4.000000,291.666687
4930,15.442578,2.000000,291.666687
4931,15.445793,3.000000,291.666687
4932,15.449689,4.000000,291.666687
4933,15.453691,4.000000,291.666687
4934,15.456356,3.000000,291.666687
4935,15.460379,4.000000,291.666687
4936,15.463058,3.000000,291.666687
4937,15.466221,3.000000,291.666687
4938,15.470014,4.000000,291.666687
4939,15.473851,4.000000,291.666687
4940,15.476561,2.000000,291.666687
4941,15.479522,3.000000,291.666687
4942,15.483428,4.000000,291.666687
4943,15.486269,3.000000,291.666687
4944,15.490251,4.000000,291.666687
4945,15.492940,3.000000,291.666687
4946,15.497034,4.000000,291.666687
4947,15.499799,3.000000,291.666687
4948,15.503640,3.000000,291.666687
4949,15.506563,3.000000,291.666687
4950,15.510815,5.000000,291.666687
4951,15.513680,2.000000,291.666687
4952,15.517691,4.000000,291.666687
4953,15.520381,3.000000,291.666687
4954,15.524516,4.000000,291.666687
4955,15.527229,3.000000,291.666687
4956,15.531950,5.000000,291.666687
4957,15.534673,2.000000,291.666687
4958,15.538752,4.000000,291.666687
4959,15.541618,3.000000,291.666687
4960,15.545415,4.000000,291.666687
4961,15.548313,3.000000,291.666687
4962,15.552208,4.000000,291.666687
4963,15.555075,3.000000,291.666687
4964,15.558790,4.000000,291.666687
4965,15.561496,2.000000,291.666687
4966,15.565616,4.000000,291.666687
4967,15.568480,3.000000,291.666687
4968,15.571746,4.000000,291.666687
4969,15.574491,2.000000,291.666687
4970,15.578332,4.000000,291.666687
4971,15.581409,3.000000,291.666687
4972,15.584399,3.000000,291.666687
4973,15.587132,3.000000,291.666687
4974,15.590066,3.000000,291.666687
4975,15.593290,3.000000,291.666687
4976,15.596085,3.000000,291.666687
4977,15.599469,3.000000,291.666687
4978,15.602283,3.000000,291.666687
4979,15.605642,3.000000,291.666687
4980,15.608475,3.000000,291.666687
4981,15.611299,3.000000,291.666687
4982,15.614725,3.000000,291.666687
4983,15.617663,3.000000,291.666687
4984,15.620848,4.000000,291.666687
4985,15.623582,2.000000,291.666687
4986,15.627268,4.000000,291.666687
4987,15.630253,3.000000,291.666687
4988,15.633491,3.000000,291.666687
4989,15.636266,3.000000,291.666687
4990,15.639309,3.000000,291.666687
4991,15.642518,3.000000,291.666687
4992,15.645607,3.000000,291.666687
4993,15.648878,4.000000,291.666687
4994,15.651749,2.000000,291.666687
4995,15.656843,5.000000,291.666687
4996,15.660233,4.000000,291.666687
4997,15.664075,4.000000,291.666687
4998,15.668586,4.000000,291.666687
4999,15.672036,4.000000,291.666687
5000,15.675289,3.000000,291.666687
5001,15.678419,3.000000,291.666687
5002,15.683099,5.000000,291.666687
5003,15.686068,3.000000,291.666687
5004,15.694560,8.000000,291.666687
5005,15.698543,4.000000,291.666687
5006,15.701518,3.000000,291.666687
5007,15.705645,4.000000,291.666687
5008,15.708677,3.000000,291.666687
5009,15.712549,4.000000,291.666687
5010,15.715438,3.000000,291.666687
5011,15.724661,9.000000,291.666687
5012,15.727736,3.000000,291.666687
5013,15.732113,5.000000,291.666687
5014,15.735331,3.000000,291.666687
5015,15.739317,4.000000,291.666687
5016,15.742282,3.000000,291.666687
5017,15.745950,4.000000,291.666687
5018,15.748813,2.000000,291.666687
5019,15.752202,4.000000,291.666687
5020,15.755089,3.000000,291.666687
5021,15.758011,3.000000,291.666687
5022,15.761883,3.000000,291.666687
5023,15.766639,5.000000,291.666687
5024,15.769448,3.000000,291.666687
5025,15.773530,4.000000,291.666687
5026,15.776348,3.000000,291.666687
5027,15.780290,4.000000,291.666687
5028,15.783084,3.000000,291.666687
5029,15.787247,4.000000,291.666687
5030,15.789899,3.000000,291.666687
5031,15.793873,4.000000,291.666687
5032,15.796609,2.000000,291.666687
5033,15.806684,10.000000,291.666687
5034,15.809648,3.000000,291.666687
5035,15.812428,3.000000,291.666687
5036,15.816892,5.000000,291.666687
5037,15.820052,3.000000,291.666687
5038,15.823791,4.000000,291.666687
5039,15.827152,3.000000,291.666687
5040,15.831086,4.000000,291.666687
5041,15.834292,3.000000,291.666687
5042,15.837980,4.000000,291.666687
5043,15.840856,3.000000,291.666687
5044,15.844440,3.000000,291.666687
5045,15.847217,3.000000,291.666687
5046,15.850854,4.000000,291.666687
5047,15.854181,3.000000,291.666687
5048,15.857489,3.000000,291.666687
5049,15.860238,3.000000,291.666687
5050,15.864189,4.000000,291.666687
5051,15.866830,3.000000,291.666687
5052,15.870251,3.000000,291.666687
5053,15.872930,3.000000,291.666687
5054,15.876316,3.000000,291.666687
5055,15.879052,3.000000,291.666687
5056,15.881905,3.000000,291.666687
5057,15.885180,3.000000,291.666687
5058,15.887986,3.000000,291.666687
5059,15.891939,4.000000,291.666687
5060,15.894666,2.000000,286.852661
5061,15.898686,4.000000,286.852661
5062,15.901440,3.000000,286.852661
5063,15.904763,4.000000,286.852661
5064,15.908110,3.000000,286.852661
5065,15.911516,3.000000,286.852661
5066,15.914886,4.000000,286.852661
5067,15.918733,3.000000,286.852661
5068,15.921490,3.000000,286.852661
5069,15.924866,4.000000,286.852661
5070,15.928310,3.000000,286.852661
5071,15.932581,4.000000,286.852661
5072,15.935337,3.000000,286.852661
5073,15.939174,4.000000,286.852661
5074,15.942493,3.000000,286.852661
5075,15.946564,4.000000,286.852661
5076,15.949853,4.000000,286.852661
5077,15.953204,3.000000,286.852661
5078,15.956465,3.000000,286.852661
5079,15.960055,4.000000,286.852661
5080,15.963182,3.000000,286.852661
5081,15.966309,3.000000,286.852661
5082,15.970220,4.000000,286.852661
5083,15.973597,3.000000,286.852661
5084,15.976402,3.000000,286.852661
5085,15.979222,3.000000,286.852661
5086,15.983164,4.000000,286.852661
5087,15.985904,3.000000,286.852661
5088,15.989272,3.000000,286.852661
5089,15.992038,3.000000,286.852661
5090,15.995417,3.000000,286.852661
5091,15.998366,3.000000,286.852661
5092,16.001547,3.000000,286.852661
5093,16.004469,3.000000,286.852661
5094,16.007284,3.000000,286.852661
5095,16.010568,3.000000,286.852661
5096,16.013413,3.000000,286.852661
5097,16.016683,3.000000,286.852661
5098,16.019511,3.000000,286.852661
5099,16.023040,4.000000,286.852661
5100,16.025906,3.000000,286.852661
5101,16.029518,3.000000,286.852661
5102,16.032224,3.000000,286.852661
5103,16.035032,3.000000,286.852661
5104,16.038466,3.000000,286.852661
5105,16.041348,3.000000,286.852661
5106,16.044627,3.000000,286.852661
5107,16.047414,3.000000,286.852661
5108,16.050737,4.000000,286.852661
5109,16.053526,2.000000,286.852661
5110,16.056873,4.000000,286.852661
5111,16.059675,2.000000,286.852661
5112,16.062540,3.000000,286.852661
5113,16.065833,4.000000,286.852661
5114,16.068650,2.000000,286.852661
5115,16.072015,4.000000,286.852661
5116,16.074811,3.000000,286.852661
5117,16.078152,3.000000,286.852661
5118,16.080909,3.000000,286.852661
5119,16.083714,2.000000,286.852661
5120,16.087306,4.000000,286.852661
5121,16.090097,3.000000,286.852661
5122,16.093543,3.000000,286.852661
5123,16.096334,3.000000,286.852661
5124,16.099781,4.000000,286.852661
5125,16.102548,2.000000,286.852661
5126,16.105909,4.000000,286.852661
5127,16.108718,2.000000,286.852661
5128,16.112110,4.000000,286.852661
5129,16.115132,3.000000,286.852661
5130,16.117869,3.000000,286.852661
5131,16.121272,3.000000,286.852661
5132,16.124132,3.000000,286.852661
5133,16.127514,3.000000,286.852661
5134,16.130885,4.000000,286.852661
5135,16.134293,3.000000,286.852661
5136,16.137239,3.000000,286.852661
5137,16.140783,3.000000,286.852661
5138,16.143493,3.000000,286.852661
5139,16.146560,3.000000,286.852661
5140,16.149684,3.000000,286.852661
5141,16.152583,3.000000,286.852661
5142,16.156069,4.000000,286.852661
5143,16.159330,3.000000,286.852661
5144,16.163112,4.000000,286.852661
5145,16.166470,3.000000,286.852661
5146,16.170285,4.000000,286.852661
5147,16.173752,3.000000,286.852661
5148,16.177267,4.000000,286.852661
5149,16.180790,3.000000,286.852661
5150,16.184374,4.000000,286.852661
5151,16.188549,4.000000,286.852661
5152,16.192144,4.000000,286.852661
5153,16.196229,4.000000,286.852661
5154,16.199245,3.000000,286.852661
5155,16.202303,3.000000,286.852661
5156,16.205328,3.000000,286.852661
5157,16.208864,4.000000,286.852661
5158,16.211673,2.000000,286.852661
5159,16.215230,4.000000,286.852661
5160,16.218790,3.000000,286.852661
5161,16.222493,4.000000,286.852661
5162,16.225632,3.000000,286.852661
5163,16.228995,4.000000,286.852661
5164,16.232777,3.000000,286.852661
5165,16.235922,4.000000,286.852661
5166,16.239603,3.000000,286.852661
5167,16.243099,4.000000,286.852661
5168,16.246776,3.000000,286.852661
5169,16.250097,4.000000,286.852661
5170,16.253481,3.000000,286.852661
5171,16.256839,4.000000,286.852661
5172,16.260141,3.000000,286.852661
5173,16.263353,3.000000,286.852661
5174,16.266883,4.000000,286.852661
5175,16.269990,3.000000,286.852661
5176,16.273423,3.000000,286.852661
5177,16.276467,3.000000,286.852661
5178,16.280640,4.000000,286.852661
5179,16.284061,4.000000,286.852661
5180,16.287320,3.000000,286.852661
5181,16.290420,3.000000,286.852661
5182,16.294170,4.000000,286.852661
5183,16.297384,3.000000,286.852661
5184,16.300853,4.000000,286.852661
5185,16.304607,3.000000,286.852661
5186,16.308081,4.000000,286.852661
5187,16.311286,3.000000,286.852661
5188,16.315258,4.000000,286.852661
5189,16.318381,3.000000,286.852661
5190,16.321952,4.000000,286.852661
5191,16.325114,3.000000,286.852661
5192,16.329002,4.000000,286.852661
5193,16.332453,3.000000,286.852661
5194,16.335668,3.000000,286.852661
5195,16.338520,3.000000,286.852661
5196,16.342421,4.000000,286.852661
5197,16.345887,4.000000,286.852661
5198,16.349241,3.000000,286.852661
5199,16.352627,3.000000,286.852661
5200,16.355871,4.000000,286.852661
5201,16.358730,2.000000,286.852661
5202,16.363418,5.000000,286.852661
5203,16.366823,4.000000,286.852661
5204,16.370851,4.000000,286.852661
5205,16.373676,2.000000,286.852661
5206,16.378654,5.000000,286.852661
5207,16.381529,3.000000,286.852661
5208,16.385053,4.000000,286.852661
5209,16.387973,3.000000,286.852661
5210,16.391596,3.000000,286.852661
5211,16.395113,4.000000,301.397186
5212,16.398218,3.000000,301.397186
5213,16.400984,3.000000,301.397186
5214,16.404592,3.000000,301.397186
5215,16.407311,3.000000,301.397186
5216,16.410473,3.000000,301.397186
5217,16.414102,4.000000,301.397186
5218,16.416945,3.000000,301.397186
5219,16.420235,3.000000,301.397186
5220,16.423075,3.000000,301.397186
5221,16.426244,3.000000,301.397186
5222,16.428967,3.000000,301.397186
5223,16.432548,3.000000,301.397186
5224,16.435246,3.000000,301.397186
5225,16.438382,3.000000,301.397186
5226,16.441643,3.000000,301.397186
5227,16.444419,3.000000,301.397186
5228,16.447748,4.000000,301.397186
5229,16.450547,2.000000,301.397186
5230,16.454276,4.000000,301.397186
5231,16.457010,3.000000,301.397186
5232,16.460585,3.000000,301.397186
5233,16.463315,3.000000,301.397186
5234,16.466890,4.000000,301.397186
5235,16.469653,2.000000,301.397186
5236,16.472411,3.000000,301.397186
5237,16.475835,4.000000,301.397186
5238,16.478726,2.000000,301.397186
5239,16.482043,4.000000,301.397186
5240,16.484883,3.000000,301.397186
5241,16.488823,4.000000,301.397186
5242,16.491573,2.000000,301.397186
5243,16.495500,4.000000,301.397186
5244,16.498284,3.000000,301.397186
5245,16.501782,4.000000,301.397186
5246,16.504411,2.000000,301.397186
5247,16.507904,4.000000,301.397186
5248,16.510606,2.000000,301.397186
5249,16.513534,3.000000,301.397186
5250,16.516838,4.000000,301.397186
5251,16.519620,2.000000,301.397186
5252,16.523145,4.000000,301.397186
5253,16.525914,3.000000,301.397186
5254,16.529431,3.000000,301.397186
5255,16.532226,3.000000,301.397186
5256,16.535378,3.000000,301.397186
5257,16.538606,3.000000,301.397186
5258,16.541443,3.000000,301.397186
5259,16.544858,4.000000,301.397186
5260,16.547836,3.000000,301.397186
5261,16.551660,3.000000,301.397186
5262,16.554488,3.000000,301.397186
5263,16.558690,4.000000,301.397186
5264,16.561414,3.000000,301.397186
5265,16.565500,4.000000,301.397186
5266,16.569376,4.000000,301.397186
5267,16.572846,4.000000,301.397186
5268,16.576255,3.000000,301.397186
5269,16.579831,4.000000,301.397186
5270,16.583413,3.000000,301.397186
5271,16.587294,4.000000,301.397186
5272,16.590546,3.000000,301.397186
5273,16.593267,3.000000,301.397186
5274,16.596608,3.000000,301.397186
5275,16.600324,4.000000,301.397186
5276,16.603645,3.000000,301.397186
5277,16.606916,4.000000,301.397186
5278,16.610184,3.000000,301.397186
5279,16.613926,4.000000,301.397186
5280,16.617248,3.000000,301.397186
5281,16.620714,3.000000,301.397186
5282,16.624647,4.000000,301.397186
5283,16.627685,3.000000,301.397186
5284,16.631071,4.000000,301.397186
5285,16.634963,4.000000,301.397186
5286,16.637653,2.000000,301.397186
5287,16.641172,4.000000,301.397186
5288,16.643984,3.000000,301.397186
5289,16.647657,3.000000,301.397186
5290,16.651358,4.000000,301.397186
5291,16.655724,4.000000,301.397186
5292,16.658583,3.000000,301.397186
5293,16.663014,5.000000,301.397186
5294,16.666335,3.000000,301.397186
5295,16.669596,3.000000,301.397186
5296,16.672698,3.000000,301.397186
5297,16.676218,4.000000,301.397186
5298,16.678943,3.000000,301.397186
5299,16.682460,3.000000,301.397186
5300,16.685214,3.000000,301.397186
5301,16.688737,3.000000,301.397186
5302,16.691646,3.000000,301.397186
5303,16.694150,3.000000,301.397186
5304,16.697531,3.000000,301.397186
5305,16.700263,3.000000,301.397186
5306,16.703755,3.000000,301.397186
5307,16.706665,3.000000,301.397186
5308,16.710050,4.000000,301.397186
5309,16.712790,3.000000,301.397186
5310,16.716173,3.000000,301.397186
5311,16.718956,3.000000,301.397186
5312,16.721859,3.000000,301.397186
5313,16.725114,3.000000,301.397186
5314,16.727926,3.000000,301.397186
5315,16.731376,3.000000,301.397186
5316,16.734269,3.000000,301.397186
5317,16.737910,4.000000,301.397186
5318,16.740771,3.000000,301.397186
5319,16.743779,2.000000,301.397186
5320,16.746757,3.000000,301.397186
5321,16.749540,3.000000,301.397186
5322,16.753307,4.000000,301.397186
5323,16.756144,3.000000,301.397186
5324,16.759440,3.000000,301.397186
5325,16.762297,3.000000,301.397186
5326,16.765643,3.000000,301.397186
5327,16.769137,4.000000,301.397186
5328,16.772593,3.000000,301.397186
5329,16.775305,3.000000,301.397186
5330,16.778833,4.000000,301.397186
5331,16.782678,3.000000,301.397186
5332,16.785468,3.000000,301.397186
5333,16.788225,3.000000,301.397186
5334,16.790821,3.000000,301.397186
5335,16.794114,3.000000,301.397186
5336,16.797041,3.000000,301.397186
5337,16.800249,3.000000,301.397186
5338,16.803122,3.000000,301.397186
5339,16.806037,3.000000,301.397186
5340,16.809359,3.000000,301.397186
5341,16.812807,3.000000,301.397186
5342,16.816117,4.000000,301.397186
5343,16.819115,3.000000,301.397186
5344,16.822192,3.000000,301.397186
5345,16.825273,3.000000,301.397186
5346,16.828291,3.000000,301.397186
5347,16.831279,3.000000,301.397186
5348,16.834383,3.000000,301.397186
5349,16.837264,3.000000,301.397186
5350,16.840354,3.000000,301.397186
5351,16.843314,3.000000,301.397186
5352,16.847262,4.000000,301.397186
5353,16.850288,3.000000,301.397186
5354,16.853177,3.000000,301.397186
5355,16.856244,3.000000,301.397186
5356,16.859012,3.000000,301.397186
5357,16.862248,3.000000,301.397186
5358,16.865353,3.000000,301.397186
5359,16.868709,3.000000,301.397186
5360,16.872305,4.000000,301.397186
5361,16.875650,3.000000,301.397186
5362,16.878957,4.000000,301.397186
5363,16.882406,3.000000,301.397186
5364,16.885880,4.000000,301.397186
5365,16.889183,3.000000,301.397186
5366,16.892359,3.000000,301.397186
5367,16.895990,4.000000,311.377502
5368,16.899429,3.000000,311.377502
5369,16.902500,3.000000,311.377502
5370,16.905743,3.000000,311.377502
5371,16.909448,4.000000,311.377502
5372,16.912782,3.000000,311.377502
5373,16.915999,4.000000,311.377502
5374,16.919393,3.000000,311.377502
5375,16.922598,3.000000,311.377502
5376,16.926393,4.000000,311.377502
5377,16.930511,4.000000,311.377502
5378,16.933508,3.000000,311.377502
5379,16.936429,3.000000,311.377502
5380,16.940550,4.000000,311.377502
5381,16.943726,3.000000,311.377502
5382,16.947346,4.000000,311.377502
5383,16.950435,3.000000,311.377502
5384,16.954190,4.000000,311.377502
5385,16.957333,3.000000,311.377502
5386,16.960969,4.000000,311.377502
5387,16.964349,3.000000,311.377502
5388,16.968931,5.000000,311.377502
5389,16.972511,3.000000,311.377502
5390,16.976083,4.000000,311.377502
5391,16.980759,4.000000,311.377502
5392,16.983773,3.000000,311.377502
5393,16.987366,4.000000,311.377502
5394,16.990612,3.000000,311.377502
5395,16.993852,3.000000,311.377502
5396,16.996976,4.000000,311.377502
5397,16.999917,3.000000,311.377502
5398,17.004629,4.000000,311.377502
5399,17.008934,5.000000,311.377502
5400,17.011621,2.000000,311.377502
5401,17.016033,5.000000,311.377502
5402,17.018840,3.000000,311.377502
5403,17.023154,4.000000,311.377502
5404,17.025873,3.000000,311.377502
5405,17.037138,11.000000,311.377502
5406,17.039989,3.000000,311.377502
5407,17.044331,4.000000,311.377502
5408,17.046999,3.000000,311.377502
5409,17.051199,4.000000,311.377502
5410,17.053896,3.000000,311.377502
5411,17.057916,4.000000,311.377502
5412,17.060616,2.000000,311.377502
5413,17.064748,4.000000,311.377502
5414,17.067625,3.000000,311.377502
5415,17.072303,5.000000,311.377502
5416,17.076111,4.000000,311.377502
5417,17.079710,3.000000,311.377502
5418,17.082228,3.000000,311.377502
5419,17.086494,4.000000,311.377502
5420,17.089191,3.000000,311.377502
5421,17.093073,4.000000,311.377502
5422,17.095927,3.000000,311.377502
5423,17.099983,4.000000,311.377502
5424,17.102727,2.000000,311.377502
5425,17.106607,4.000000,311.377502
5426,17.109517,3.000000,311.377502
5427,17.113221,4.000000,311.377502
5428,17.115977,3.000000,311.377502
5429,17.119908,4.000000,311.377502
5430,17.122992,3.000000,311.377502
5431,17.126867,4.000000,311.377502
5432,17.129561,2.000000,311.377502
5433,17.132726,3.000000,311.377502
5434,17.136513,4.000000,311.377502
5435,17.139558,3.000000,311.377502
5436,17.143223,4.000000,311.377502
5437,17.146102,3.000000,311.377502
5438,17.150035,4.000000,311.377502
5439,17.152878,3.000000,311.377502
5440,17.156641,3.000000,311.377502
5441,17.159469,3.000000,311.377502
5442,17.163172,4.000000,311.377502
5443,17.165907,3.000000,311.377502
5444,17.169982,4.000000,311.377502
5445,17.173143,3.000000,311.377502
5446,17.177205,4.000000,311.377502
5447,17.179902,3.000000,311.377502
5448,17.184375,4.000000,311.377502
5449,17.187879,4.000000,311.377502
5450,17.191586,3.000000,311.377502
5451,17.195540,4.000000,311.377502
5452,17.198188,3.000000,311.377502
5453,17.201386,3.000000,311.377502
5454,17.204686,3.000000,311.377502
5455,17.207396,3.000000,311.377502
5456,17.210906,4.000000,311.377502
5457,17.213705,2.000000,311.377502
5458,17.217278,4.000000,311.377502
5459,17.219873,3.000000,311.377502
5460,17.222753,2.000000,311.377502
5461,17.226385,4.000000,311.377502
5462,17.229833,4.000000,311.377502
5463,17.233493,3.000000,311.377502
5464,17.236279,3.000000,311.377502
5465,17.239593,3.000000,311.377502
5466,17.242379,3.000000,311.377502
5467,17.245660,3.000000,311.377502
5468,17.248485,3.000000,311.377502
5469,17.251902,4.000000,311.377502
5470,17.254679,2.000000,311.377502
5471,17.257855,4.000000,311.377502
5472,17.260989,3.000000,311.377502
5473,17.263899,3.000000,311.377502
5474,17.267458,3.000000,311.377502
5475,17.270193,3.000000,311.377502
5476,17.274434,4.000000,311.377502
5477,17.277480,3.000000,311.377502
5478,17.280847,4.000000,311.377502
5479,17.283544,2.000000,311.377502
5480,17.287143,4.000000,311.377502
5481,17.289787,3.000000,311.377502
5482,17.293264,3.000000,311.377502
5483,17.296181,3.000000,311.377502
5484,17.299283,3.000000,311.377502
5485,17.302429,3.000000,311.377502
5486,17.305299,3.000000,311.377502
5487,17.308692,3.000000,311.377502
5488,17.311420,3.000000,311.377502
5489,17.315173,4.000000,311.377502
5490,17.317872,3.000000,311.377502
5491,17.321506,3.000000,311.377502
5492,17.324423,3.000000,311.377502
5493,17.327479,3.000000,311.377502
5494,17.330423,3.000000,311.377502
5495,17.333310,3.000000,311.377502
5496,17.336806,4.000000,311.377502
5497,17.339939,3.000000,311.377502
5498,17.343384,3.000000,311.377502
5499,17.346908,4.000000,311.377502
5500,17.350631,3.000000,311.377502
5501,17.353801,3.000000,311.377502
5502,17.357371,4.000000,311.377502
5503,17.360515,3.000000,311.377502
5504,17.363743,3.000000,311.377502
5505,17.366635,3.000000,311.377502
5506,17.369888,4.000000,311.377502
5507,17.372770,2.000000,311.377502
5508,17.376737,4.000000,311.377502
5509,17.379756,3.000000,311.377502
5510,17.382685,3.000000,311.377502
5511,17.386487,4.000000,311.377502
5512,17.389862,3.000000,311.377502
5513,17.393148,4.000000,311.377502
5514,17.396159,3.000000,311.377502
5515,17.399418,3.000000,294.234711
5516,17.402605,3.000000,294.234711
5517,17.406581,4.000000,294.234711
5518,17.410153,4.000000,294.234711
5519,17.413501,3.000000,294.234711
5520,17.416567,3.000000,294.234711
5521,17.419591,3.000000,294.234711
5522,17.422403,3.000000,294.234711
5523,17.426039,4.000000,294.234711
5524,17.429311,3.000000,294.234711
5525,17.433153,4.000000,294.234711
5526,17.435914,3.000000,294.234711
5527,17.439252,3.000000,294.234711
5528,17.442289,3.000000,294.234711
5529,17.445473,3.000000,294.234711
5530,17.448402,3.000000,294.234711
5531,17.451366,3.000000,294.234711
5532,17.454653,3.000000,294.234711
5533,17.458086,4.000000,294.234711
5534,17.461480,3.000000,294.234711
5535,17.464858,3.000000,294.234711
5536,17.468281,4.000000,294.234711
5537,17.471517,3.000000,294.234711
5538,17.474750,3.000000,294.234711
5539,17.477817,4.000000,294.234711
5540,17.481143,3.000000,294.234711
5541,17.483850,3.000000,294.234711
5542,17.486975,3.000000,294.234711
5543,17.489674,2.000000,294.234711
5544,17.492415,3.000000,294.234711
5545,17.495475,3.000000,294.234711
5546,17.498295,3.000000,294.234711
5547,17.501355,3.000000,294.234711
5548,17.504731,3.000000,294.234711
5549,17.507785,3.000000,294.234711
5550,17.510726,3.000000,294.234711
5551,17.513539,3.000000,294.234711
5552,17.516852,4.000000,294.234711
5553,17.520006,3.000000,294.234711
5554,17.523459,3.000000,294.234711
5555,17.526226,3.000000,294.234711
5556,17.529627,3.000000,294.234711
5557,17.532370,3.000000,294.234711
5558,17.535561,3.000000,294.234711
5559,17.538836,4.000000,294.234711
5560,17.541641,2.000000,294.234711
5561,17.544922,4.000000,294.234711
5562,17.548053,3.000000,294.234711
5563,17.551200,3.000000,294.234711
5564,17.554127,3.000000,294.234711
5565,17.557313,3.000000,294.234711
5566,17.560097,3.000000,294.234711
5567,17.563593,3.000000,294.234711
5568,17.566240,3.000000,294.234711
5569,17.569147,3.000000,294.234711
5570,17.572460,3.000000,294.234711
5571,17.575800,3.000000,294.234711
5572,17.578656,3.000000,294.234711
5573,17.581410,3.000000,294.234711
5574,17.585010,4.000000,294.234711
5575,17.587792,3.000000,294.234711
5576,17.590738,2.000000,294.234711
5577,17.594209,4.000000,294.234711
5578,17.596974,3.000000,294.234711
5579,17.600323,3.000000,294.234711
5580,17.603134,3.000000,294.234711
5581,17.606533,3.000000,294.234711
5582,17.609349,3.000000,294.234711
5583,17.612857,4.000000,294.234711
5584,17.615511,2.000000,294.234711
5585,17.618695,3.000000,294.234711
5586,17.621932,4.000000,294.234711
5587,17.624795,3.000000,294.234711
5588,17.628300,3.000000,294.234711
5589,17.631127,3.000000,294.234711
5590,17.634355,3.000000,294.234711
5591,17.637208,3.000000,294.234711
5592,17.640640,3.000000,294.234711
5593,17.643364,3.000000,294.234711
5594,17.646782,4.000000,294.234711
5595,17.649686,2.000000,294.234711
5596,17.654922,6.000000,294.234711
5597,17.657600,2.000000,294.234711
5598,17.660796,3.000000,294.234711
5599,17.666065,6.000000,294.234711
5600,17.671087,5.000000,294.234711
5601,17.674034,3.000000,294.234711
5602,17.677255,3.000000,294.234711
5603,17.680079,3.000000,294.234711
5604,17.683365,3.000000,294.234711
5605,17.686308,3.000000,294.234711
5606,17.689779,4.000000,294.234711
5607,17.692967,3.000000,294.234711
5608,17.696505,3.000000,294.234711
5609,17.699192,3.000000,294.234711
5610,17.702602,3.000000,294.234711
5611,17.705329,3.000000,294.234711
5612,17.708123,3.000000,294.234711
5613,17.711473,3.000000,294.234711
5614,17.714188,3.000000,294.234711
5615,17.717631,3.000000,294.234711
5616,17.720308,3.000000,294.234711
5617,17.723815,4.000000,294.234711
5618,17.726616,2.000000,294.234711
5619,17.730084,4.000000,294.234711
5620,17.732916,3.000000,294.234711
5621,17.735693,2.000000,294.234711
5622,17.739004,4.000000,294.234711
5623,17.742958,3.000000,294.234711
5624,17.746216,4.000000,294.234711
5625,17.748968,3.000000,294.234711
5626,17.751712,2.000000,294.234711
5627,17.754372,3.000000,294.234711
5628,17.757241,3.000000,294.234711
5629,17.760660,3.000000,294.234711
5630,17.763835,4.000000,294.234711
5631,17.767385,3.000000,294.234711
5632,17.769956,3.000000,294.234711
5633,17.773361,3.000000,294.234711
5634,17.776622,3.000000,294.234711
5635,17.780509,4.000000,294.234711
5636,17.783315,3.000000,294.234711
5637,17.786746,4.000000,294.234711
5638,17.789550,2.000000,294.234711
5639,17.793035,4.000000,294.234711
5640,17.796307,3.000000,294.234711
5641,17.799654,3.000000,294.234711
5642,17.802485,3.000000,294.234711
5643,17.805437,3.000000,294.234711
5644,17.808807,4.000000,294.234711
5645,17.811529,2.000000,294.234711
5646,17.815268,4.000000,294.234711
5647,17.818068,3.000000,294.234711
5648,17.821488,3.000000,294.234711
5649,17.824285,3.000000,294.234711
5650,17.827850,4.000000,294.234711
5651,17.830583,2.000000,294.234711
5652,17.833445,3.000000,294.234711
5653,17.836902,4.000000,294.234711
5654,17.841059,4.000000,294.234711
5655,17.843739,3.000000,294.234711
5656,17.846001,2.000000,294.234711
5657,17.849282,3.000000,294.234711
5658,17.852135,3.000000,294.234711
5659,17.855690,3.000000,294.234711
5660,17.858445,3.000000,294.234711
5661,17.861263,3.000000,294.234711
5662,17.864668,3.000000,294.234711
5663,17.867548,3.000000,294.234711
5664,17.871656,4.000000,294.234711
5665,17.874935,4.000000,294.234711
5666,17.877573,2.000000,294.234711
5667,17.880265,3.000000,294.234711
5668,17.883878,4.000000,294.234711
5669,17.886724,2.000000,294.234711
5670,17.889794,3.000000,294.234711
5671,17.893123,4.000000,294.234711
5672,17.896068,3.000000,294.234711
5673,17.899344,3.000000,294.234711
5674,17.903312,4.000000,315.476257
5675,17.906795,3.000000,315.476257
5676,17.910023,4.000000,315.476257
5677,17.913588,3.000000,315.476257
5678,17.916741,3.000000,315.476257
5679,17.920324,4.000000,315.476257
5680,17.923397,3.000000,315.476257
5681,17.926323,3.000000,315.476257
5682,17.929308,3.000000,315.476257
5683,17.932675,3.000000,315.476257
5684,17.935879,4.000000,315.476257
5685,17.938903,3.000000,315.476257
5686,17.942306,3.000000,315.476257
5687,17.945303,3.000000,315.476257
5688,17.948249,3.000000,315.476257
5689,17.951274,3.000000,315.476257
5690,17.954181,3.000000,315.476257
5691,17.957617,3.000000,315.476257
5692,17.960301,3.000000,315.476257
5693,17.963233,3.000000,315.476257
5694,17.966279,3.000000,315.476257
5695,17.969376,3.000000,315.476257
5696,17.972525,3.000000,315.476257
5697,17.975553,3.000000,315.476257
5698,17.978333,3.000000,315.476257
5699,17.981486,3.000000,315.476257
5700,17.984528,3.000000,315.476257
5701,17.988310,4.000000,315.476257
5702,17.991736,3.000000,315.476257
5703,17.994998,4.000000,315.476257
5704,17.998337,3.000000,315.476257
5705,18.001568,3.000000,315.476257
5706,18.004814,3.000000,315.476257
5707,18.008173,4.000000,315.476257
5708,18.012213,4.000000,315.476257
5709,18.016757,4.000000,315.476257
5710,18.020186,4.000000,315.476257
5711,18.023481,3.000000,315.476257
5712,18.026747,3.000000,315.476257
5713,18.030739,4.000000,315.476257
5714,18.033615,3.000000,315.476257
5715,18.036445,3.000000,315.476257
5716,18.039532,3.000000,315.476257
5717,18.043662,4.000000,315.476257
5718,18.046691,3.000000,315.476257
5719,18.050071,4.000000,315.476257
5720,18.053199,3.000000,315.476257
5721,18.056309,3.000000,315.476257
5722,18.059358,3.000000,315.476257
5723,18.062407,3.000000,315.476257
5724,18.065300,3.000000,315.476257
5725,18.068358,3.000000,315.476257
5726,18.071916,3.000000,315.476257
5727,18.075114,4.000000,315.476257
5728,18.078284,3.000000,315.476257
5729,18.081326,3.000000,315.476257
5730,18.084809,3.000000,315.476257
5731,18.088468,4.000000,315.476257
5732,18.091704,3.000000,315.476257
5733,18.094581,3.000000,315.476257
5734,18.097896,4.000000,315.476257
5735,18.101355,3.000000,315.476257
5736,18.106061,5.000000,315.476257
5737,18.109382,3.000000,315.476257
5738,18.112847,3.000000,315.476257
5739,18.118687,6.000000,315.476257
5740,18.123316,5.000000,315.476257
5741,18.127379,4.000000,315.476257
5742,18.130379,3.000000,315.476257
5743,18.134009,4.000000,315.476257
5744,18.137386,3.000000,315.476257
5745,18.141062,4.000000,315.476257
5746,18.143833,3.000000,315.476257
5747,18.148270,4.000000,315.476257
5748,18.150894,3.000000,315.476257
5749,18.155003,4.000000,315.476257
5750,18.157590,2.000000,315.476257
5751,18.161145,4.000000,315.476257
5752,18.163749,2.000000,315.476257
5753,18.166499,3.000000,315.476257
5754,18.170009,4.000000,315.476257
5755,18.172736,2.000000,315.476257
5756,18.176107,4.000000,315.476257
5757,18.178842,3.000000,315.476257
5758,18.182173,3.000000,315.476257
5759,18.184942,3.000000,315.476257
5760,18.188453,3.000000,315.476257
5761,18.191659,3.000000,315.476257
5762,18.196128,5.000000,315.476257
5763,18.198772,3.000000,315.476257
5764,18.201608,2.000000,315.476257
5765,18.205958,5.000000,315.476257
5766,18.209007,3.000000,315.476257
5767,18.212138,3.000000,315.476257
5768,18.215115,3.000000,315.476257
5769,18.218688,3.000000,315.476257
5770,18.221558,3.000000,315.476257
5771,18.224897,4.000000,315.476257
5772,18.227674,2.000000,315.476257
5773,18.231234,4.000000,315.476257
5774,18.233967,3.000000,315.476257
5775,18.237361,3.000000,315.476257
5776,18.240118,3.000000,315.476257
5777,18.243179,3.000000,315.476257
5778,18.247450,4.000000,315.476257
5779,18.250166,3.000000,315.476257
5780,18.254511,4.000000,315.476257
5781,18.257819,4.000000,315.476257
5782,18.260749,2.000000,315.476257
5783,18.263551,3.000000,315.476257
5784,18.266926,4.000000,315.476257
5785,18.269725,2.000000,315.476257
5786,18.273260,4.000000,315.476257
5787,18.276071,3.000000,315.476257
5788,18.279489,3.000000,315.476257
5789,18.282214,3.000000,315.476257
5790,18.285621,3.000000,315.476257
5791,18.288915,4.000000,315.476257
5792,18.291742,2.000000,315.476257
5793,18.295307,4.000000,315.476257
5794,18.298250,3.000000,315.476257
5795,18.301443,3.000000,315.476257
5796,18.304206,3.000000,315.476257
5797,18.308530,4.000000,315.476257
5798,18.311223,3.000000,315.476257
5799,18.314601,3.000000,315.476257
5800,18.317444,3.000000,315.476257
5801,18.320714,3.000000,315.476257
5802,18.324440,4.000000,315.476257
5803,18.327636,3.000000,315.476257
5804,18.330808,4.000000,315.476257
5805,18.333753,2.000000,315.476257
5806,18.337056,4.000000,315.476257
5807,18.339919,3.000000,315.476257
5808,18.343620,3.000000,315.476257
5809,18.346373,3.000000,315.476257
5810,18.349799,4.000000,315.476257
5811,18.353215,3.000000,315.476257
5812,18.356284,3.000000,315.476257
5813,18.359374,3.000000,315.476257
5814,18.362944,4.000000,315.476257
5815,18.365661,2.000000,315.476257
5816,18.368894,4.000000,315.476257
5817,18.371999,3.000000,315.476257
5818,18.374913,3.000000,315.476257
5819,18.378368,3.000000,315.476257
5820,18.381035,3.000000,315.476257
5821,18.385379,4.000000,315.476257
5822,18.388393,3.000000,315.476257
5823,18.391203,3.000000,315.476257
5824,18.394007,3.000000,315.476257
5825,18.397473,3.000000,315.476257
5826,18.400298,3.000000,315.476257
5827,18.404265,4.000000,305.389343
5828,18.407008,3.000000,305.389343
5829,18.409945,3.000000,305.389343
5830,18.413392,3.000000,305.389343
5831,18.416248,3.000000,305.389343
5832,18.420100,4.000000,305.389343
5833,18.422906,3.000000,305.389343
5834,18.426493,3.000000,305.389343
5835,18.429196,3.000000,305.389343
5836,18.433382,4.000000,305.389343
5837,18.436044,3.000000,305.389343
5838,18.439611,3.000000,305.389343
5839,18.442370,3.000000,305.389343
5840,18.445710,3.000000,305.389343
5841,18.448578,3.000000,305.389343
5842,18.451395,3.000000,305.389343
5843,18.455243,4.000000,305.389343
5844,18.458088,3.000000,305.389343
5845,18.461358,3.000000,305.389343
5846,18.464148,3.000000,305.389343
5847,18.467876,4.000000,305.389343
5848,18.470626,2.000000,305.389343
5849,18.474041,4.000000,305.389343
5850,18.476804,3.000000,305.389343
5851,18.480184,3.000000,305.389343
5852,18.482936,3.000000,305.389343
5853,18.485883,3.000000,305.389343
5854,18.489651,3.000000,305.389343
5855,18.492540,3.000000,305.389343
5856,18.496210,4.000000,305.389343
5857,18.498946,3.000000,305.389343
5858,18.502329,3.000000,305.389343
5859,18.505091,3.000000,305.389343
5860,18.509197,4.000000,305.389343
5861,18.511772,3.000000,305.389343
5862,18.514890,3.000000,305.389343
5863,18.518085,3.000000,305.389343
5864,18.520880,3.000000,305.389343
5865,18.524747,3.000000,305.389343
5866,18.527797,4.000000,305.389343
5867,18.531523,3.000000,305.389343
5868,18.534473,3.000000,305.389343
5869,18.537644,3.000000,305.389343
5870,18.540542,3.000000,305.389343
5871,18.544153,4.000000,305.389343
5872,18.546508,2.000000,305.389343
5873,18.550360,4.000000,305.389343
5874,18.553166,3.000000,305.389343
5875,18.556534,3.000000,305.389343
5876,18.559826,4.000000,305.389343
5877,18.562775,2.000000,305.389343
5878,18.566902,5.000000,305.389343
5879,18.569727,2.000000,305.389343
5880,18.573066,4.000000,305.389343
5881,18.575942,3.000000,305.389343
5882,18.579339,3.000000,305.389343
5883,18.582101,3.000000,305.389343
5884,18.585518,3.000000,305.389343
5885,18.588291,3.000000,305.389343
5886,18.591638,3.000000,305.389343
5887,18.594417,3.000000,305.389343
5888,18.597226,3.000000,305.389343
5889,18.601020,4.000000,305.389343
5890,18.603855,3.000000,305.389343
5891,18.607831,4.000000,305.389343
5892,18.610882,3.000000,305.389343
5893,18.614486,3.000000,305.389343
5894,18.617222,3.000000,305.389343
5895,18.620684,3.000000,305.389343
5896,18.623510,3.000000,305.389343
5897,18.626816,4.000000,305.389343
5898,18.629631,2.000000,305.389343
5899,18.633673,4.000000,305.389343
5900,18.636808,4.000000,305.389343
5901,18.640333,3.000000,305.389343
5902,18.643080,3.000000,305.389343
5903,18.645896,3.000000,305.389343
5904,18.649531,3.000000,305.389343
5905,18.652410,3.000000,305.389343
5906,18.655674,3.000000,305.389343
5907,18.658462,3.000000,305.389343
5908,18.662433,4.000000,305.389343
5909,18.666273,4.000000,305.389343
5910,18.668767,3.000000,305.389343
5911,18.671413,2.000000,305.389343
5912,18.675288,4.000000,305.389343
5913,18.678027,3.000000,305.389343
5914,18.680955,3.000000,305.389343
5915,18.684744,3.000000,305.389343
5916,18.687740,3.000000,305.389343
5917,18.691038,4.000000,305.389343
5918,18.693882,3.000000,305.389343
5919,18.697210,3.000000,305.389343
5920,18.700022,3.000000,305.389343
5921,18.703762,3.000000,305.389343
5922,18.706611,3.000000,305.389343
5923,18.710083,4.000000,305.389343
5924,18.712850,3.000000,305.389343
5925,18.716101,3.000000,305.389343
5926,18.719558,3.000000,305.389343
5927,18.724174,5.000000,305.389343
5928,18.726822,3.000000,305.389343
5929,18.730143,3.000000,305.389343
5930,18.733114,3.000000,305.389343
5931,18.737375,4.000000,305.389343
5932,18.740223,3.000000,305.389343
5933,18.742985,3.000000,305.389343
5934,18.746237,3.000000,305.389343
5935,18.749228,3.000000,305.389343
5936,18.751845,3.000000,305.389343
5937,18.754485,2.000000,305.389343
5938,18.757921,4.000000,305.389343
5939,18.760774,3.000000,305.389343
5940,18.763529,2.000000,305.389343
5941,18.767048,4.000000,305.389343
5942,18.769748,2.000000,305.389343
5943,18.773717,4.000000,305.389343
5944,18.776659,3.000000,305.389343
5945,18.780253,4.000000,305.389343
5946,18.783000,3.000000,305.389343
5947,18.786400,3.000000,305.389343
5948,18.789119,3.000000,305.389343
5949,18.791949,3.000000,305.389343
5950,18.795322,3.000000,305.389343
5951,18.798239,3.000000,305.389343
5952,18.802077,4.000000,305.389343
5953,18.804766,3.000000,305.389343
5954,18.808216,3.000000,305.389343
5955,18.811262,3.000000,305.389343
5956,18.814495,3.000000,305.389343
5957,18.817448,3.000000,305.389343
5958,18.820968,4.000000,305.389343
5959,18.823679,2.000000,305.389343
5960,18.826459,3.000000,305.389343
5961,18.829970,4.000000,305.389343
5962,18.832801,2.000000,305.389343
5963,18.836401,4.000000,305.389343
5964,18.839672,3.000000,305.389343
5965,18.843672,4.000000,305.389343
5966,18.846388,3.000000,305.389343
5967,18.850337,4.000000,305.389343
5968,18.853082,3.000000,305.389343
5969,18.856601,3.000000,305.389343
5970,18.859370,3.000000,305.389343
5971,18.862694,3.000000,305.389343
5972,18.865465,3.000000,305.389343
5973,18.868978,4.000000,305.389343
5974,18.872287,3.000000,305.389343
5975,18.874976,3.000000,305.389343
5976,18.878452,3.000000,305.389343
5977,18.881130,3.000000,305.389343
5978,18.884961,4.000000,305.389343
5979,18.887716,2.000000,305.389343
5980,18.891068,4.000000,305.389343
5981,18.893802,3.000000,305.389343
5982,18.897732,3.000000,305.389343
5983,18.900756,3.000000,305.389343
5984,18.903555,3.000000,305.389343
5985,18.907053,4.000000,314.115448
5986,18.909789,3.000000,314.115448
5987,18.913144,3.000000,314.115448
5988,18.915963,3.000000,314.115448
5989,18.919295,3.000000,314.115448
5990,18.922018,3.000000,314.115448
5991,18.925676,3.000000,314.115448
5992,18.928307,3.000000,314.115448
5993,18.931441,3.000000,314.115448
5994,18.934785,3.000000,314.115448
5995,18.938030,4.000000,314.115448
5996,18.941630,3.000000,314.115448
5997,18.944367,3.000000,314.115448
5998,18.948248,4.000000,314.115448
5999,18.951065,3.000000,314.115448
6000,18.954339,3.000000,314.115448
6001,18.957125,3.000000,314.115448
6002,18.960534,3.000000,314.115448
6003,18.963553,3.000000,314.115448
6004,18.967424,4.000000,314.115448
6005,18.970183,3.000000,314.115448
6006,18.973545,3.000000,314.115448
6007,18.976447,3.000000,314.115448
6008,18.979176,3.000000,314.115448
6009,18.982752,4.000000,314.115448
6010,18.985662,2.000000,314.115448
6011,18.988971,4.000000,314.115448
6012,18.991868,2.000000,314.115448
6013,18.995207,4.000000,314.115448
6014,18.997968,3.000000,314.115448
6015,19.001360,3.000000,314.115448
6016,19.004100,3.000000,314.115448
6017,19.006948,3.000000,314.115448
6018,19.010822,4.000000,314.115448
6019,19.013627,2.000000,314.115448
6020,19.017377,4.000000,314.115448
6021,19.020119,3.000000,314.115448
6022,19.023505,3.000000,314.115448
6023,19.026329,3.000000,314.115448
6024,19.029664,3.000000,314.115448
6025,19.032417,3.000000,314.115448
6026,19.035340,3.000000,314.115448
6027,19.039213,4.000000,314.115448
6028,19.043260,4.000000,314.115448
6029,19.045997,3.000000,314.115448
6030,19.048921,3.000000,314.115448
6031,19.052682,3.000000,314.115448
6032,19.055483,3.000000,314.115448
6033,19.058850,4.000000,314.115448
6034,19.061619,2.000000,314.115448
6035,19.065608,4.000000,314.115448
6036,19.068405,3.000000,314.115448
6037,19.072110,4.000000,314.115448
6038,19.074833,3.000000,314.115448
6039,19.078245,3.000000,314.115448
6040,19.080996,3.000000,314.115448
6041,19.084352,3.000000,314.115448
6042,19.087256,3.000000,314.115448
6043,19.091007,4.000000,314.115448
6044,19.094122,3.000000,314.115448
6045,19.096944,3.000000,314.115448
6046,19.100553,3.000000,314.115448
6047,19.103360,3.000000,314.115448
6048,19.107251,4.000000,314.115448
6049,19.109953,3.000000,314.115448
6050,19.113410,3.000000,314.115448
6051,19.116358,3.000000,314.115448
6052,19.119511,3.000000,314.115448
6053,19.122312,3.000000,314.115448
6054,19.125158,3.000000,314.115448
6055,19.128526,3.000000,314.115448
6056,19.131515,3.000000,314.115448
6057,19.135606,4.000000,314.115448
6058,19.138796,4.000000,314.115448
6059,19.141922,3.000000,314.115448
6060,19.144656,2.000000,314.115448
6061,19.148414,4.000000,314.115448
6062,19.151190,3.000000,314.115448
6063,19.154535,3.000000,314.115448
6064,19.157337,3.000000,314.115448
6065,19.161185,4.000000,314.115448
6066,19.164007,3.000000,314.115448
6067,19.166790,3.000000,314.115448
6068,19.170240,3.000000,314.115448
6069,19.173073,3.000000,314.115448
6070,19.176936,4.000000,314.115448
6071,19.179683,2.000000,314.115448
6072,19.183237,4.000000,314.115448
6073,19.185969,3.000000,314.115448
6074,19.189367,3.000000,314.115448
6075,19.192124,3.000000,314.115448
6076,19.195544,3.000000,314.115448
6077,19.198298,3.000000,314.115448
6078,19.201228,3.000000,314.115448
6079,19.205176,4.000000,314.115448
6080,19.207944,3.000000,314.115448
6081,19.211296,3.000000,314.115448
6082,19.214088,3.000000,314.115448
6083,19.217838,4.000000,314.115448
6084,19.220589,2.000000,314.115448
6085,19.223951,4.000000,314.115448
6086,19.226758,3.000000,314.115448
6087,19.230681,3.000000,314.115448
6088,19.233410,3.000000,314.115448
6089,19.236304,3.000000,314.115448
6090,19.239797,3.000000,314.115448
6091,19.243193,4.000000,314.115448
6092,19.246909,4.000000,314.115448
6093,19.249743,3.000000,314.115448
6094,19.253101,3.000000,314.115448
6095,19.255888,3.000000,314.115448
6096,19.259604,3.000000,314.115448
6097,19.262353,3.000000,314.115448
6098,19.265785,4.000000,314.115448
6099,19.268526,2.000000,314.115448
6100,19.271446,3.000000,314.115448
6101,19.275263,4.000000,314.115448
6102,19.278461,3.000000,314.115448
6103,19.282118,4.000000,314.115448
6104,19.285511,3.000000,314.115448
6105,19.288238,3.000000,314.115448
6106,19.291133,3.000000,314.115448
6107,19.294478,3.000000,314.115448
6108,19.297274,3.000000,314.115448
6109,19.301160,4.000000,314.115448
6110,19.303900,3.000000,314.115448
6111,19.307315,3.000000,314.115448
6112,19.310125,3.000000,314.115448
6113,19.313475,3.000000,314.115448
6114,19.316844,4.000000,314.115448
6115,19.319596,2.000000,314.115448
6116,19.322984,4.000000,314.115448
6117,19.325911,3.000000,314.115448
6118,19.329108,3.000000,314.115448
6119,19.331956,3.000000,314.115448
6120,19.335361,3.000000,314.115448
6121,19.338171,3.000000,314.115448
6122,19.342032,4.000000,314.115448
6123,19.344751,3.000000,314.115448
6124,19.348233,3.000000,314.115448
6125,19.351861,4.000000,314.115448
6126,19.355407,3.000000,314.115448
6127,19.358377,3.000000,314.115448
6128,19.361246,3.000000,314.115448
6129,19.364651,3.000000,314.115448
6130,19.367520,3.000000,314.115448
6131,19.371325,4.000000,314.115448
6132,19.374091,3.000000,314.115448
6133,19.377650,3.000000,314.115448
6134,19.380332,3.000000,314.115448
6135,19.384261,4.000000,314.115448
6136,19.387007,3.000000,314.115448
6137,19.390459,3.000000,314.115448
6138,19.393286,3.000000,314.115448
6139,19.396857,3.000000,314.115448
6140,19.400332,4.000000,314.115448
6141,19.403107,3.000000,314.115448
6142,19.406620,3.000000,314.115448
6143,19.409498,3.000000,314.741211
6144,19.412881,4.000000,314.741211
6145,19.415596,2.000000,314.741211
6146,19.419111,4.000000,314.741211
6147,19.421888,3.000000,314.741211
6148,19.425248,3.000000,314.741211
6149,19.428078,3.000000,314.741211
6150,19.430903,3.000000,314.741211
6151,19.434382,3.000000,314.741211
6152,19.437213,3.000000,314.741211
6153,19.441024,4.000000,314.741211
6154,19.443875,3.000000,314.741211
6155,19.447593,3.000000,314.741211
6156,19.450415,3.000000,314.741211
6157,19.453876,4.000000,314.741211
6158,19.456591,2.000000,314.741211
6159,19.460065,4.000000,314.741211
6160,19.463314,3.000000,314.741211
6161,19.467442,4.000000,314.741211
6162,19.470132,3.000000,314.741211
6163,19.473589,3.000000,314.741211
6164,19.476376,3.000000,314.741211
6165,19.479215,3.000000,314.741211
6166,19.482837,4.000000,314.741211
6167,19.485670,2.000000,314.741211
6168,19.489000,4.000000,314.741211
6169,19.492031,3.000000,314.741211
6170,19.495397,3.000000,314.741211
6171,19.498300,3.000000,314.741211
6172,19.501537,3.000000,314.741211
6173,19.504314,3.000000,314.741211
6174,19.507213,3.000000,314.741211
6175,19.511141,4.000000,314.741211
6176,19.513821,3.000000,314.741211
6177,19.517642,3.000000,314.741211
6178,19.520469,3.000000,314.741211
6179,19.523737,4.000000,314.741211
6180,19.526534,2.000000,314.741211
6181,19.529968,4.000000,314.741211
6182,19.532663,2.000000,314.741211
6183,19.536478,4.000000,314.741211
6184,19.539273,3.000000,314.741211
6185,19.542152,3.000000,314.741211
6186,19.545443,3.000000,314.741211
6187,19.548276,3.000000,314.741211
6188,19.551971,4.000000,314.741211
6189,19.554830,3.000000,314.741211
6190,19.558250,3.000000,314.741211
6191,19.560903,3.000000,314.741211
6192,19.564867,4.000000,314.741211
6193,19.567680,2.000000,314.741211
6194,19.571213,4.000000,314.741211
6195,19.573961,3.000000,314.741211
6196,19.577347,3.000000,314.741211
6197,19.580143,3.000000,314.741211
6198,19.583217,3.000000,314.741211
6199,19.586296,3.000000,314.741211
6200,19.589117,3.000000,314.741211
6201,19.592425,3.000000,314.741211
6202,19.595240,3.000000,314.741211
6203,19.598693,3.000000,314.741211
6204,19.601433,3.000000,314.741211
6205,19.604318,3.000000,314.741211
6206,19.608279,4.000000,314.741211
6207,19.611045,3.000000,314.741211
6208,19.614799,4.000000,314.741211
6209,19.617720,2.000000,314.741211
6210,19.621511,4.000000,314.741211
6211,19.624155,3.000000,314.741211
6212,19.627477,3.000000,314.741211
6213,19.630347,3.000000,314.741211
6214,19.634193,4.000000,314.741211
6215,19.636968,3.000000,314.741211
6216,19.640369,3.000000,314.741211
6217,19.643130,3.000000,314.741211
6218,19.646585,3.000000,314.741211
6219,19.649700,3.000000,314.741211
6220,19.652584,3.000000,314.741211
6221,19.655886,4.000000,314.741211
6222,19.658650,2.000000,314.741211
6223,19.662801,5.000000,314.741211
6224,19.665516,2.000000,314.741211
6225,19.669308,4.000000,314.741211
6226,19.672096,3.000000,314.741211
6227,19.675962,4.000000,314.741211
6228,19.678727,2.000000,314.741211
6229,19.682571,4.000000,314.741211
6230,19.685365,3.000000,314.741211
6231,19.688705,3.000000,314.741211
6232,19.691698,3.000000,314.741211
6233,19.694297,3.000000,314.741211
6234,19.697655,3.000000,314.741211
6235,19.700429,3.000000,314.741211
6236,19.704328,4.000000,314.741211
6237,19.707075,3.000000,314.741211
6238,19.710461,3.000000,314.741211
6239,19.713224,3.000000,314.741211
6240,19.716738,4.000000,314.741211
6241,19.719808,3.000000,314.741211
6242,19.723296,3.000000,314.741211
6243,19.726009,3.000000,314.741211
6244,19.728903,3.000000,314.741211
6245,19.732621,3.000000,314.741211
6246,19.735493,3.000000,314.741211
6247,19.738818,4.000000,314.741211
6248,19.741565,2.000000,314.741211
6249,19.745300,4.000000,314.741211
6250,19.748137,3.000000,314.741211
6251,19.751481,3.000000,314.741211
6252,19.754278,3.000000,314.741211
6253,19.757687,3.000000,314.741211
6254,19.760441,3.000000,314.741211
6255,19.763329,3.000000,314.741211
6256,19.766597,3.000000,314.741211
6257,19.769481,3.000000,314.741211
6258,19.773488,4.000000,314.741211
6259,19.776492,3.000000,314.741211
6260,19.780262,4.000000,314.741211
6261,19.782985,3.000000,314.741211
6262,19.786343,3.000000,314.741211
6263,19.789116,3.000000,314.741211
6264,19.792498,3.000000,314.741211
6265,19.795254,3.000000,314.741211
6266,19.798177,3.000000,314.741211
6267,19.802058,4.000000,314.741211
6268,19.804884,3.000000,314.741211
6269,19.808279,3.000000,314.741211
6270,19.811004,3.000000,314.741211
6271,19.814743,4.000000,314.741211
6272,19.817529,2.000000,314.741211
6273,19.820896,4.000000,314.741211
6274,19.823741,3.000000,314.741211
6275,19.826526,2.000000,314.741211
6276,19.829961,4.000000,314.741211
6277,19.832812,3.000000,314.741211
6278,19.836074,3.000000,314.741211
6279,19.838859,3.000000,314.741211
6280,19.842710,3.000000,314.741211
6281,19.845501,3.000000,314.741211
6282,19.849083,4.000000,314.741211
6283,19.852061,3.000000,314.741211
6284,19.855463,3.000000,314.741211
6285,19.858257,3.000000,314.741211
6286,19.861170,3.000000,314.741211
6287,19.864500,3.000000,314.741211
6288,19.867311,3.000000,314.741211
6289,19.871268,4.000000,314.741211
6290,19.873949,3.000000,314.741211
6291,19.877342,3.000000,314.741211
6292,19.880504,3.000000,314.741211
6293,19.884656,4.000000,314.741211
6294,19.887422,3.000000,314.741211
6295,19.890670,3.000000,314.741211
6296,19.893392,3.000000,314.741211
6297,19.896517,3.000000,314.741211
6298,19.900154,4.000000,314.741211
6299,19.902932,3.000000,314.741211
6300,19.906746,3.000000,314.741211
6301,19.909549,3.000000,314.741211
6302,19.912894,4.000000,315.476349
6303,19.915722,2.000000,315.476349
6304,19.919175,4.000000,315.476349
6305,19.921918,3.000000,315.476349
6306,19.925327,3.000000,315.476349
6307,19.928127,3.000000,315.476349
6308,19.931172,3.000000,315.476349
6309,19.934437,3.000000,315.476349
6310,19.937284,3.000000,315.476349
6311,19.941269,4.000000,315.476349
6312,19.944162,3.000000,315.476349
6313,19.947749,4.000000,315.476349
6314,19.950546,2.000000,315.476349
6315,19.953947,4.000000,315.476349
6316,19.956720,2.000000,315.476349
6317,19.960169,4.000000,315.476349
6318,19.962967,3.000000,315.476349
6319,19.966100,3.000000,315.476349
6320,19.969721,3.000000,315.476349
6321,19.973134,4.000000,315.476349
6322,19.975911,3.000000,315.476349
6323,19.978938,3.000000,315.476349
6324,19.982505,3.000000,315.476349
6325,19.985378,3.000000,315.476349
6326,19.988779,3.000000,315.476349
6327,19.991950,4.000000,315.476349
6328,19.995227,3.000000,315.476349
6329,19.998025,3.000000,315.476349
6330,20.001598,3.000000,315.476349
6331,20.004285,3.000000,315.476349
6332,20.007152,3.000000,315.476349
6333,20.011004,4.000000,315.476349
6334,20.013713,2.000000,315.476349
6335,20.017735,4.000000,315.476349
6336,20.020572,3.000000,315.476349
6337,20.023971,4.000000,315.476349
6338,20.026745,2.000000,315.476349
6339,20.030238,4.000000,315.476349
6340,20.033386,3.000000,315.476349
6341,20.037271,4.000000,315.476349
6342,20.039953,3.000000,315.476349
6343,20.043450,3.000000,315.476349
6344,20.046304,3.000000,315.476349
6345,20.049332,3.000000,315.476349
6346,20.052562,3.000000,315.476349
6347,20.055404,3.000000,315.476349
6348,20.058791,4.000000,315.476349
6349,20.061563,2.000000,315.476349
6350,20.065689,4.000000,315.476349
6351,20.069081,4.000000,315.476349
6352,20.072195,3.000000,315.476349
6353,20.074949,3.000000,315.476349
6354,20.078406,3.000000,315.476349
6355,20.081103,3.000000,315.476349
6356,20.084222,3.000000,315.476349
6357,20.087423,3.000000,315.476349
6358,20.090160,3.000000,315.476349
6359,20.093577,3.000000,315.476349
6360,20.096888,4.000000,315.476349
6361,20.100308,3.000000,315.476349
6362,20.103072,3.000000,315.476349
6363,20.107138,4.000000,315.476349
6364,20.110452,3.000000,315.476349
6365,20.113616,3.000000,315.476349
6366,20.116281,3.000000,315.476349
6367,20.120012,4.000000,315.476349
6368,20.122988,3.000000,315.476349
6369,20.126062,3.000000,315.476349
6370,20.129049,3.000000,315.476349
6371,20.131724,2.000000,315.476349
6372,20.135562,4.000000,315.476349
6373,20.138311,3.000000,315.476349
6374,20.141692,3.000000,315.476349
6375,20.144314,3.000000,315.476349
6376,20.148761,4.000000,315.476349
6377,20.151437,3.000000,315.476349
6378,20.155162,4.000000,315.476349
6379,20.158148,3.000000,315.476349
6380,20.161563,3.000000,315.476349
6381,20.164186,3.000000,315.476349
6382,20.167277,3.000000,315.476349
6383,20.170500,3.000000,315.476349
6384,20.173346,3.000000,315.476349
6385,20.177251,4.000000,315.476349
6386,20.180238,3.000000,315.476349
6387,20.183943,4.000000,315.476349
6388,20.187215,3.000000,315.476349
6389,20.190455,3.000000,315.476349
6390,20.193248,3.000000,315.476349
6391,20.197193,4.000000,315.476349
6392,20.200233,3.000000,315.476349
6393,20.204138,4.000000,315.476349
6394,20.207459,3.000000,315.476349
6395,20.210868,4.000000,315.476349
6396,20.214380,3.000000,315.476349
6397,20.217652,3.000000,315.476349
6398,20.221206,4.000000,315.476349
6399,20.224489,3.000000,315.476349
6400,20.227484,3.000000,315.476349
6401,20.230576,3.000000,315.476349
6402,20.233506,3.000000,315.476349
6403,20.236542,3.000000,315.476349
6404,20.240379,4.000000,315.476349
6405,20.243357,3.000000,315.476349
6406,20.246696,3.000000,315.476349
6407,20.249906,4.000000,315.476349
6408,20.253399,3.000000,315.476349
6409,20.256209,3.000000,315.476349
6410,20.260010,4.000000,315.476349
6411,20.264691,4.000000,315.476349
6412,20.268135,4.000000,315.476349
6413,20.271049,3.000000,315.476349
6414,20.274190,3.000000,315.476349
6415,20.277485,3.000000,315.476349
6416,20.282360,5.000000,315.476349
6417,20.286969,5.000000,315.476349
6418,20.290105,3.000000,315.476349
6419,20.293313,3.000000,315.476349
6420,20.296327,3.000000,315.476349
6421,20.299469,3.000000,315.476349
6422,20.302643,3.000000,315.476349
6423,20.305335,3.000000,315.476349
6424,20.308309,3.000000,315.476349
6425,20.311358,3.000000,315.476349
6426,20.314278,3.000000,315.476349
6427,20.317103,3.000000,315.476349
6428,20.320084,3.000000,315.476349
6429,20.322812,3.000000,315.476349
6430,20.325308,2.000000,315.476349
6431,20.328563,3.000000,315.476349
6432,20.331516,3.000000,315.476349
6433,20.334383,3.000000,315.476349
6434,20.337258,3.000000,315.476349
6435,20.340201,3.000000,315.476349
6436,20.344544,4.000000,315.476349
6437,20.347446,3.000000,315.476349
6438,20.351409,4.000000,315.476349
6439,20.354281,3.000000,315.476349
6440,20.357566,3.000000,315.476349
6441,20.360266,3.000000,315.476349
6442,20.363770,3.000000,315.476349
6443,20.366509,3.000000,315.476349
6444,20.370019,4.000000,315.476349
6445,20.372718,2.000000,315.476349
6446,20.375778,3.000000,315.476349
6447,20.379338,4.000000,315.476349
6448,20.382348,3.000000,315.476349
6449,20.385877,4.000000,315.476349
6450,20.388932,3.000000,315.476349
6451,20.392042,3.000000,315.476349
6452,20.395064,3.000000,315.476349
6453,20.398244,3.000000,315.476349
6454,20.401147,3.000000,315.476349
6455,20.404482,3.000000,315.476349
6456,20.407376,3.000000,315.476349
6457,20.412176,5.000000,315.476349
6458,20.415180,3.000000,310.757141
6459,20.418636,3.000000,310.757141
6460,20.421405,3.000000,310.757141
6461,20.424765,4.000000,310.757141
6462,20.427542,2.000000,310.757141
6463,20.430366,3.000000,310.757141
6464,20.433688,3.000000,310.757141
6465,20.436505,3.000000,310.757141
6466,20.440525,4.000000,310.757141
6467,20.443360,3.000000,310.757141
6468,20.447014,4.000000,310.757141
6469,20.449769,3.000000,310.757141
6470,20.453114,3.000000,310.757141
6471,20.456049,3.000000,310.757141
6472,20.459291,3.000000,310.757141
6473,20.462051,3.000000,310.757141
6474,20.465021,3.000000,310.757141
6475,20.468242,3.000000,310.757141
6476,20.470973,3.000000,310.757141
6477,20.474888,4.000000,310.757141
6478,20.477638,2.000000,310.757141
6479,20.481504,4.000000,310.757141
6480,20.484192,3.000000,310.757141
6481,20.487534,3.000000,310.757141
6482,20.490368,3.000000,310.757141
6483,20.493188,3.000000,310.757141
6484,20.496510,3.000000,310.757141
6485,20.499398,3.000000,310.757141
6486,20.502680,3.000000,310.757141
6487,20.505472,3.000000,310.757141
6488,20.509473,4.000000,310.757141
6489,20.512310,3.000000,310.757141
6490,20.516290,4.000000,310.757141
6491,20.518998,3.000000,310.757141
6492,20.522738,3.000000,310.757141
6493,20.525411,3.000000,310.757141
6494,20.528311,3.000000,310.757141
6495,20.531512,3.000000,310.757141
6496,20.534455,3.000000,310.757141
6497,20.537702,3.000000,310.757141
6498,20.540496,3.000000,310.757141
6499,20.544427,4.000000,310.757141
6500,20.547176,3.000000,310.757141
6501,20.550890,4.000000,310.757141
6502,20.553660,2.000000,310.757141
6503,20.557028,4.000000,310.757141
6504,20.559955,3.000000,310.757141
6505,20.563489,3.000000,310.757141
6506,20.566279,3.000000,310.757141
6507,20.569161,3.000000,310.757141
6508,20.572996,4.000000,310.757141
6509,20.575821,3.000000,310.757141
6510,20.579409,3.000000,310.757141
6511,20.582173,3.000000,310.757141
6512,20.585500,3.000000,310.757141
6513,20.588348,3.000000,310.757141
6514,20.591686,3.000000,310.757141
6515,20.594470,3.000000,310.757141
6516,20.597858,4.000000,310.757141
6517,20.600651,2.000000,310.757141
6518,20.603478,3.000000,310.757141
6519,20.607450,4.000000,310.757141
6520,20.610202,3.000000,310.757141
6521,20.614335,4.000000,310.757141
6522,20.616961,3.000000,310.757141
6523,20.620242,3.000000,310.757141
6524,20.623040,3.000000,310.757141
6525,20.626451,3.000000,310.757141
6526,20.629149,3.000000,310.757141
6527,20.631987,3.000000,310.757141
6528,20.635365,3.000000,310.757141
6529,20.638210,3.000000,310.757141
6530,20.642211,4.000000,310.757141
6531,20.645570,3.000000,310.757141
6532,20.648695,3.000000,310.757141
6533,20.651505,3.000000,310.757141
6534,20.654987,4.000000,310.757141
6535,20.657812,3.000000,310.757141
6536,20.661137,3.000000,310.757141
6537,20.663854,3.000000,310.757141
6538,20.667151,3.000000,310.757141
6539,20.670189,3.000000,310.757141
6540,20.673106,3.000000,310.757141
6541,20.677027,4.000000,310.757141
6542,20.679727,2.000000,310.757141
6543,20.683515,4.000000,310.757141
6544,20.686297,3.000000,310.757141
6545,20.689657,3.000000,310.757141
6546,20.692457,3.000000,310.757141
6547,20.695797,4.000000,310.757141
6548,20.698574,2.000000,310.757141
6549,20.701437,3.000000,310.757141
6550,20.705367,4.000000,310.757141
6551,20.708346,3.000000,310.757141
6552,20.711925,4.000000,310.757141
6553,20.714860,3.000000,310.757141
6554,20.718994,4.000000,310.757141
6555,20.721857,3.000000,310.757141
6556,20.725244,3.000000,310.757141
6557,20.727987,3.000000,310.757141
6558,20.731584,3.000000,310.757141
6559,20.734260,3.000000,310.757141
6560,20.737865,4.000000,310.757141
6561,20.741310,3.000000,310.757141
6562,20.745026,4.000000,310.757141
6563,20.748016,3.000000,310.757141
6564,20.750954,3.000000,310.757141
6565,20.754108,3.000000,310.757141
6566,20.756880,3.000000,310.757141
6567,20.760178,3.000000,310.757141
6568,20.763061,3.000000,310.757141
6569,20.766332,3.000000,310.757141
6570,20.769200,3.000000,310.757141
6571,20.773099,4.000000,310.757141
6572,20.775756,3.000000,310.757141
6573,20.779495,3.000000,310.757141
6574,20.782266,3.000000,310.757141
6575,20.785644,3.000000,310.757141
6576,20.788421,3.000000,310.757141
6577,20.791304,3.000000,310.757141
6578,20.794663,3.000000,310.757141
6579,20.797452,3.000000,310.757141
6580,20.800822,4.000000,310.757141
6581,20.803603,2.000000,310.757141
6582,20.807477,4.000000,310.757141
6583,20.810381,3.000000,310.757141
6584,20.813726,3.000000,310.757141
6585,20.816975,4.000000,310.757141
6586,20.819738,2.000000,310.757141
6587,20.823358,4.000000,310.757141
6588,20.826202,3.000000,310.757141
6589,20.829427,3.000000,310.757141
6590,20.832233,3.000000,310.757141
6591,20.835553,3.000000,310.757141
6592,20.838409,3.000000,310.757141
6593,20.842220,4.000000,310.757141
6594,20.845033,3.000000,310.757141
6595,20.848213,3.000000,310.757141
6596,20.851569,3.000000,310.757141
6597,20.854463,3.000000,310.757141
6598,20.857765,4.000000,310.757141
6599,20.860603,2.000000,310.757141
6600,20.863945,4.000000,310.757141
6601,20.866670,2.000000,310.757141
6602,20.870088,4.000000,310.757141
6603,20.872821,3.000000,310.757141
6604,20.876719,3.000000,310.757141
6605,20.879487,3.000000,310.757141
6606,20.882328,3.000000,310.757141
6607,20.886122,4.000000,310.757141
6608,20.888901,3.000000,310.757141
6609,20.892299,3.000000,310.757141
6610,20.895173,3.000000,310.757141
6611,20.898507,3.000000,310.757141
6612,20.901322,3.000000,310.757141
6613,20.905320,4.000000,310.757141
6614,20.908139,3.000000,310.757141
6615,20.911926,4.000000,310.757141
6616,20.914676,2.000000,310.757141
6617,20.918062,4.000000,316.103485
6618,20.920875,3.000000,316.103485
6619,20.925015,4.000000,316.103485
6620,20.927776,3.000000,316.103485
6621,20.930771,2.000000,316.103485
6622,20.934031,4.000000,316.103485
6623,20.936903,3.000000,316.103485
6624,20.940802,4.000000,316.103485
6625,20.943571,2.000000,316.103485
6626,20.947372,4.000000,316.103485
6627,20.950210,3.000000,316.103485
6628,20.953568,3.000000,316.103485
6629,20.956387,3.000000,316.103485
6630,20.959836,4.000000,316.103485
6631,20.962550,2.000000,316.103485
6632,20.965951,4.000000,316.103485
6633,20.968824,3.000000,316.103485
6634,20.971693,2.000000,316.103485
6635,20.975619,4.000000,316.103485
6636,20.978401,3.000000,316.103485
6637,20.982010,4.000000,316.103485
6638,20.984786,3.000000,316.103485
6639,20.988247,3.000000,316.103485
6640,20.990958,3.000000,316.103485
6641,20.994348,3.000000,316.103485
6642,20.997158,3.000000,316.103485
6643,21.000042,3.000000,316.103485
6644,21.003373,3.000000,316.103485
6645,21.006281,3.000000,316.103485
6646,21.010144,4.000000,316.103485
6647,21.012898,3.000000,316.103485
6648,21.016756,4.000000,316.103485
6649,21.019515,2.000000,316.103485
6650,21.023329,4.000000,316.103485
6651,21.026504,3.000000,316.103485
6652,21.029870,4.000000,316.103485
6653,21.032656,2.000000,316.103485
6654,21.036051,4.000000,316.103485
6655,21.038894,3.000000,316.103485
6656,21.041694,2.000000,316.103485
6657,21.045162,4.000000,316.103485
6658,21.048108,3.000000,316.103485
6659,21.051740,4.000000,316.103485
6660,21.054643,2.000000,316.103485
6661,21.057961,4.000000,316.103485
6662,21.060790,3.000000,316.103485
6663,21.064291,3.000000,316.103485
6664,21.067073,3.000000,316.103485
6665,21.070195,3.000000,316.103485
6666,21.073894,4.000000,316.103485
6667,21.076944,3.000000,316.103485
6668,21.080380,3.000000,316.103485
6669,21.083438,3.000000,316.103485
6670,21.086655,3.000000,316.103485
6671,21.089447,3.000000,316.103485
6672,21.092908,4.000000,316.103485
6673,21.096581,3.000000,316.103485
6674,21.100002,4.000000,316.103485
6675,21.102743,2.000000,316.103485
6676,21.106209,4.000000,316.103485
6677,21.108973,3.000000,316.103485
6678,21.112360,3.000000,316.103485
6679,21.115499,3.000000,316.103485
6680,21.119322,4.000000,316.103485
6681,21.122066,3.000000,316.103485
6682,21.125685,3.000000,316.103485
6683,21.129035,4.000000,316.103485
6684,21.131852,3.000000,316.103485
6685,21.135484,3.000000,316.103485
6686,21.138305,3.000000,316.103485
6687,21.141604,3.000000,316.103485
6688,21.144338,3.000000,316.103485
6689,21.147697,3.000000,316.103485
6690,21.150501,3.000000,316.103485
6691,21.154435,4.000000,316.103485
6692,21.157146,3.000000,316.103485
6693,21.160230,3.000000,316.103485
6694,21.163723,3.000000,316.103485
6695,21.166502,3.000000,316.103485
6696,21.169912,4.000000,316.103485
6697,21.172661,2.000000,316.103485
6698,21.176078,4.000000,316.103485
6699,21.178837,3.000000,316.103485
6700,21.182664,3.000000,316.103485
6701,21.185457,3.000000,316.103485
6702,21.188954,4.000000,316.103485
6703,21.191675,2.000000,316.103485
6704,21.194519,3.000000,316.103485
6705,21.198305,4.000000,316.103485
6706,21.201109,3.000000,316.103485
6707,21.204385,3.000000,316.103485
6708,21.207162,3.000000,316.103485
6709,21.210559,3.000000,316.103485
6710,21.213274,3.000000,316.103485
6711,21.217280,4.000000,316.103485
6712,21.219996,3.000000,316.103485
6713,21.223111,3.000000,316.103485
6714,21.226674,3.000000,316.103485
6715,21.229475,3.000000,316.103485
6716,21.233457,4.000000,316.103485
6717,21.236577,3.000000,316.103485
6718,21.239792,4.000000,316.103485
6719,21.242659,2.000000,316.103485
6720,21.246138,4.000000,316.103485
6721,21.248717,2.000000,316.103485
6722,21.252582,4.000000,316.103485
6723,21.255361,3.000000,316.103485
6724,21.258818,4.000000,316.103485
6725,21.261621,2.000000,316.103485
6726,21.265279,4.000000,316.103485
6727,21.268016,3.000000,316.103485
6728,21.270874,3.000000,316.103485
6729,21.274275,3.000000,316.103485
6730,21.277099,3.000000,316.103485
6731,21.280444,3.000000,316.103485
6732,21.283160,3.000000,316.103485
6733,21.287024,4.000000,316.103485
6734,21.289818,3.000000,316.103485
6735,21.293154,3.000000,316.103485
6736,21.295963,3.000000,316.103485
6737,21.299172,3.000000,316.103485
6738,21.302771,4.000000,316.103485
6739,21.305687,2.000000,316.103485
6740,21.309548,4.000000,316.103485
6741,21.312266,3.000000,316.103485
6742,21.315588,3.000000,316.103485
6743,21.318404,3.000000,316.103485
6744,21.321754,4.000000,316.103485
6745,21.324529,2.000000,316.103485
6746,21.328234,4.000000,316.103485
6747,21.331035,3.000000,316.103485
6748,21.333901,3.000000,316.103485
6749,21.337117,3.000000,316.103485
6750,21.339984,3.000000,316.103485
6751,21.343694,3.000000,316.103485
6752,21.346496,3.000000,316.103485
6753,21.350867,5.000000,316.103485
6754,21.353648,2.000000,316.103485
6755,21.357173,4.000000,316.103485
6756,21.359911,3.000000,316.103485
6757,21.363294,3.000000,316.103485
6758,21.366070,3.000000,316.103485
6759,21.369395,3.000000,316.103485
6760,21.372189,3.000000,316.103485
6761,21.375034,3.000000,316.103485
6762,21.378826,4.000000,316.103485
6763,21.381700,2.000000,316.103485
6764,21.385360,4.000000,316.103485
6765,21.388039,3.000000,316.103485
6766,21.391383,3.000000,316.103485
6767,21.394151,3.000000,316.103485
6768,21.397556,3.000000,316.103485
6769,21.400300,3.000000,316.103485
6770,21.403475,3.000000,316.103485
6771,21.406577,3.000000,316.103485
6772,21.409477,3.000000,316.103485
6773,21.412787,4.000000,316.103485
6774,21.415528,2.000000,316.103485
6775,21.419498,4.000000,315.369354
6776,21.422186,3.000000,315.369354
6777,21.425543,3.000000,315.369354
6778,21.428428,3.000000,315.369354
6779,21.431617,3.000000,315.369354
6780,21.435015,4.000000,315.369354
6781,21.438140,3.000000,315.369354
6782,21.441450,3.000000,315.369354
6783,21.444206,3.000000,315.369354
6784,21.448138,4.000000,315.369354
6785,21.451022,3.000000,315.369354
6786,21.454409,3.000000,315.369354
6787,21.457137,3.000000,315.369354
6788,21.460487,3.000000,315.369354
6789,21.463272,3.000000,315.369354
6790,21.466826,4.000000,315.369354
6791,21.469599,2.000000,315.369354
6792,21.472516,3.000000,315.369354
6793,21.476392,4.000000,315.369354
6794,21.479121,3.000000,315.369354
6795,21.482729,3.000000,315.369354
6796,21.485622,3.000000,315.369354
6797,21.488861,4.000000,315.369354
6798,21.491685,2.000000,315.369354
6799,21.495062,4.000000,315.369354
6800,21.497798,3.000000,315.369354
6801,21.501208,3.000000,315.369354
6802,21.503963,3.000000,315.369354
6803,21.506831,3.000000,315.369354
6804,21.510173,3.000000,315.369354
6805,21.512901,3.000000,315.369354
6806,21.516773,4.000000,315.369354
6807,21.519574,2.000000,315.369354
6808,21.523434,4.000000,315.369354
6809,21.526162,3.000000,315.369354
6810,21.529489,3.000000,315.369354
6811,21.532258,3.000000,315.369354
6812,21.535130,3.000000,315.369354
6813,21.538429,3.000000,315.369354
6814,21.541305,3.000000,315.369354
6815,21.545758,5.000000,315.369354
6816,21.548587,2.000000,315.369354
6817,21.552353,4.000000,315.369354
6818,21.555315,3.000000,315.369354
6819,21.558529,3.000000,315.369354
6820,21.561256,3.000000,315.369354
6821,21.564616,3.000000,315.369354
6822,21.567389,3.000000,315.369354
6823,21.570785,4.000000,315.369354
6824,21.573521,2.000000,315.369354
6825,21.576406,3.000000,315.369354
6826,21.579697,3.000000,315.369354
6827,21.582474,3.000000,315.369354
6828,21.586518,4.000000,315.369354
6829,21.589199,3.000000,315.369354
6830,21.592559,3.000000,315.369354
6831,21.595505,3.000000,315.369354
6832,21.598952,4.000000,315.369354
6833,21.602066,3.000000,315.369354
6834,21.605452,3.000000,315.369354
6835,21.608211,3.000000,315.369354
6836,21.611092,3.000000,315.369354
6837,21.614929,4.000000,315.369354
6838,21.617843,3.000000,315.369354
6839,21.621094,3.000000,315.369354
6840,21.624182,3.000000,315.369354
6841,21.627546,3.000000,315.369354
6842,21.630412,3.000000,315.369354
6843,21.633955,4.000000,315.369354
6844,21.636802,3.000000,315.369354
6845,21.640704,3.000000,315.369354
6846,21.643482,3.000000,315.369354
6847,21.646263,3.000000,315.369354
6848,21.650138,4.000000,315.369354
6849,21.652926,3.000000,315.369354
6850,21.656367,3.000000,315.369354
6851,21.659217,3.000000,315.369354
6852,21.662473,3.000000,315.369354
6853,21.665316,3.000000,315.369354
6854,21.668658,3.000000,315.369354
6855,21.671469,3.000000,315.369354
6856,21.674912,4.000000,315.369354
6857,21.677677,2.000000,315.369354
6858,21.680628,3.000000,315.369354
6859,21.684592,4.000000,315.369354
6860,21.687452,3.000000,315.369354
6861,21.691218,4.000000,315.369354
6862,21.694068,3.000000,315.369354
6863,21.697491,3.000000,315.369354
6864,21.700294,3.000000,315.369354
6865,21.703605,3.000000,315.369354
6866,21.706400,3.000000,315.369354
6867,21.710274,4.000000,315.369354
6868,21.713204,3.000000,315.369354
6869,21.716706,3.000000,315.369354
6870,21.719449,3.000000,315.369354
6871,21.722316,3.000000,315.369354
6872,21.725667,3.000000,315.369354
6873,21.728573,3.000000,315.369354
6874,21.731940,4.000000,315.369354
6875,21.734698,2.000000,315.369354
6876,21.738125,4.000000,315.369354
6877,21.740937,3.000000,315.369354
6878,21.744501,3.000000,315.369354
6879,21.748324,4.000000,315.369354
6880,21.752478,4.000000,315.369354
6881,21.755240,3.000000,315.369354
6882,21.758703,3.000000,315.369354
6883,21.761452,3.000000,315.369354
6884,21.764830,4.000000,315.369354
6885,21.767583,2.000000,315.369354
6886,21.770447,3.000000,315.369354
6887,21.773726,3.000000,315.369354
6888,21.776528,3.000000,315.369354
6889,21.780678,4.000000,315.369354
6890,21.783450,3.000000,315.369354
6891,21.786850,4.000000,315.369354
6892,21.789686,2.000000,315.369354
6893,21.793068,4.000000,315.369354
6894,21.795898,3.000000,315.369354
6895,21.798813,3.000000,315.369354
6896,21.802537,3.000000,315.369354
6897,21.805423,3.000000,315.369354
6898,21.809352,4.000000,315.369354
6899,21.812149,3.000000,315.369354
6900,21.815815,4.000000,315.369354
6901,21.818632,2.000000,315.369354
6902,21.821991,4.000000,315.369354
6903,21.824768,3.000000,315.369354
6904,21.828172,3.000000,315.369354
6905,21.830897,3.000000,315.369354
6906,21.833779,3.000000,315.369354
6907,21.837106,3.000000,315.369354
6908,21.840111,3.000000,315.369354
6909,21.843349,3.000000,315.369354
6910,21.846037,3.000000,315.369354
6911,21.850072,4.000000,315.369354
6912,21.852885,3.000000,315.369354
6913,21.856562,3.000000,315.369354
6914,21.859407,3.000000,315.369354
6915,21.862706,3.000000,315.369354
6916,21.865476,3.000000,315.369354
6917,21.868885,4.000000,315.369354
6918,21.871648,2.000000,315.369354
6919,21.874571,3.000000,315.369354
6920,21.878352,4.000000,315.369354
6921,21.881178,3.000000,315.369354
6922,21.884745,4.000000,315.369354
6923,21.887530,2.000000,315.369354
6924,21.890933,4.000000,315.369354
6925,21.893661,2.000000,315.369354
6926,21.897141,4.000000,315.369354
6927,21.899813,3.000000,315.369354
6928,21.902662,2.000000,315.369354
6929,21.906001,4.000000,315.369354
6930,21.908809,3.000000,315.369354
6931,21.912230,3.000000,315.369354
6932,21.915033,3.000000,315.369354
6933,21.918815,4.000000,315.369354
6934,21.921512,2.000000,316.733124
6935,21.924881,4.000000,316.733124
6936,21.927705,2.000000,316.733124
6937,21.930646,3.000000,316.733124
6938,21.934292,4.000000,316.733124
6939,21.937119,3.000000,316.733124
6940,21.940385,3.000000,316.733124
6941,21.943211,3.000000,316.733124
6942,21.947152,4.000000,316.733124
6943,21.950206,3.000000,316.733124
6944,21.953958,4.000000,316.733124
6945,21.956740,2.000000,316.733124
6946,21.960094,4.000000,316.733124
6947,21.962912,3.000000,316.733124
6948,21.966056,3.000000,316.733124
6949,21.969240,3.000000,316.733124
6950,21.972072,3.000000,316.733124
6951,21.976129,4.000000,316.733124
6952,21.978813,3.000000,316.733124
6953,21.982415,3.000000,316.733124
6954,21.985186,3.000000,316.733124
6955,21.988671,3.000000,316.733124
6956,21.991325,3.000000,316.733124
6957,21.996003,5.000000,316.733124
6958,21.998693,2.000000,316.733124
6959,22.002064,4.000000,316.733124
6960,22.004954,3.000000,316.733124
6961,22.008326,3.000000,316.733124
6962,22.011197,3.000000,316.733124
6963,22.013888,3.000000,316.733124
6964,22.017149,3.000000,316.733124
6965,22.019924,3.000000,316.733124
6966,22.024194,4.000000,316.733124
6967,22.026946,3.000000,316.733124
6968,22.030606,3.000000,316.733124
6969,22.033328,3.000000,316.733124
6970,22.036925,4.000000,316.733124
6971,22.039603,2.000000,316.733124
6972,22.042891,4.000000,316.733124
6973,22.046029,3.000000,316.733124
6974,22.050044,4.000000,316.733124
6975,22.053712,3.000000,316.733124
6976,22.057244,4.000000,316.733124
6977,22.060313,3.000000,316.733124
6978,22.063398,3.000000,316.733124
6979,22.066393,3.000000,316.733124
6980,22.069950,4.000000,316.733124
6981,22.073138,3.000000,316.733124
6982,22.076537,3.000000,316.733124
6983,22.080139,4.000000,316.733124
6984,22.083153,3.000000,316.733124
6985,22.087330,4.000000,316.733124
6986,22.090217,3.000000,316.733124
6987,22.094001,3.000000,316.733124
6988,22.096784,3.000000,316.733124
6989,22.100071,3.000000,316.733124
6990,22.103086,3.000000,316.733124
6991,22.106029,4.000000,316.733124
6992,22.109280,2.000000,316.733124
6993,22.112059,4.000000,316.733124
6994,22.115000,2.000000,316.733124
6995,22.118373,3.000000,316.733124
6996,22.121699,4.000000,316.733124
6997,22.124488,3.000000,316.733124
6998,22.127952,3.000000,316.733124
6999,22.130704,3.000000,316.733124
7000,22.134065,4.000000,316.733124
7001,22.137120,2.000000,316.733124
7002,22.140216,4.000000,316.733124
7003,22.143005,3.000000,316.733124
7004,22.146380,2.000000,316.733124
7005,22.149509,4.000000,316.733124
7006,22.152634,3.000000,316.733124
7007,22.156152,4.000000,316.733124
7008,22.158932,2.000000,316.733124
7009,22.163076,4.000000,316.733124
7010,22.166260,4.000000,316.733124
7011,22.169986,3.000000,316.733124
7012,22.172727,3.000000,316.733124
7013,22.176152,4.000000,316.733124
7014,22.178954,2.000000,316.733124
7015,22.182444,4.000000,316.733124
7016,22.185134,3.000000,316.733124
7017,22.188579,3.000000,316.733124
7018,22.191921,3.000000,316.733124
7019,22.194479,3.000000,316.733124
7020,22.198558,4.000000,316.733124
7021,22.201362,3.000000,316.733124
7022,22.204635,3.000000,316.733124
7023,22.207379,3.000000,316.733124
7024,22.210592,3.000000,316.733124
7025,22.213275,3.000000,316.733124
7026,22.217059,4.000000,316.733124
7027,22.219448,2.000000,316.733124
7028,22.222257,3.000000,316.733124
7029,22.227027,4.000000,316.733124
7030,22.229713,3.000000,316.733124
7031,22.232379,3.000000,316.733124
7032,22.235169,3.000000,316.733124
7033,22.238969,4.000000,316.733124
7034,22.241895,3.000000,316.733124
7035,22.245436,3.000000,316.733124
7036,22.248595,3.000000,316.733124
7037,22.252335,4.000000,316.733124
7038,22.255429,3.000000,316.733124
7039,22.258526,3.000000,316.733124
7040,22.261303,3.000000,316.733124
7041,22.264528,3.000000,316.733124
7042,22.268341,4.000000,316.733124
7043,22.271161,3.000000,316.733124
7044,22.274964,3.000000,316.733124
7045,22.277590,3.000000,316.733124
7046,22.281108,4.000000,316.733124
7047,22.283563,2.000000,316.733124
7048,22.287532,4.000000,316.733124
7049,22.290539,3.000000,316.733124
7050,22.294277,4.000000,316.733124
7051,22.296762,3.000000,316.733124
7052,22.300409,3.000000,316.733124
7053,22.302977,3.000000,316.733124
7054,22.306625,3.000000,316.733124
7055,22.309079,3.000000,316.733124
7056,22.312283,3.000000,316.733124
7057,22.315542,3.000000,316.733124
7058,22.318358,3.000000,316.733124
7059,22.322267,4.000000,316.733124
7060,22.324997,2.000000,316.733124
7061,22.328684,4.000000,316.733124
7062,22.331513,3.000000,316.733124
7063,22.335191,3.000000,316.733124
7064,22.338308,4.000000,316.733124
7065,22.341066,2.000000,316.733124
7066,22.343843,3.000000,316.733124
7067,22.346504,3.000000,316.733124
7068,22.349961,3.000000,316.733124
7069,22.353276,4.000000,316.733124
7070,22.357473,4.000000,316.733124
7071,22.361055,3.000000,316.733124
7072,22.363788,3.000000,316.733124
7073,22.366398,3.000000,316.733124
7074,22.370117,3.000000,316.733124
7075,22.373078,3.000000,316.733124
7076,22.376426,4.000000,316.733124
7077,22.379099,3.000000,316.733124
7078,22.382524,2.000000,316.733124
7079,22.385146,4.000000,316.733124
7080,22.388004,2.000000,316.733124
7081,22.392268,4.000000,316.733124
7082,22.394915,3.000000,316.733124
7083,22.398335,4.000000,316.733124
7084,22.401118,3.000000,316.733124
7085,22.404524,3.000000,316.733124
7086,22.407269,3.000000,316.733124
7087,22.410291,3.000000,316.733124
7088,22.413532,3.000000,316.733124
7089,22.416419,3.000000,316.733124
7090,22.420187,4.000000,316.733124
7091,22.423010,2.000000,313.373413
7092,22.426472,4.000000,313.373413
7093,22.429332,3.000000,313.373413
7094,22.433039,4.000000,313.373413
7095,22.435698,2.000000,313.373413
7096,22.439115,4.000000,313.373413
7097,22.441851,2.000000,313.373413
7098,22.444746,3.000000,313.373413
7099,22.447799,4.000000,313.373413
7100,22.450918,2.000000,313.373413
7101,22.454382,4.000000,313.373413
7102,22.457182,3.000000,313.373413
7103,22.460686,3.000000,313.373413
7104,22.463487,3.000000,313.373413
7105,22.467224,4.000000,313.373413
7106,22.469989,3.000000,313.373413
7107,22.473341,3.000000,313.373413
7108,22.476148,3.000000,313.373413
7109,22.487142,4.000000,313.373413
7110,22.491664,11.000000,313.373413
7111,22.494862,4.000000,313.373413
7112,22.497535,2.000000,313.373413
7113,22.499801,3.000000,313.373413
7114,22.502068,2.000000,313.373413
7115,22.504505,2.000000,313.373413
7116,22.507444,3.000000,313.373413
7117,22.510476,3.000000,313.373413
7118,22.513348,3.000000,313.373413
7119,22.516452,3.000000,313.373413
7120,22.519332,3.000000,313.373413
7121,22.522534,3.000000,313.373413
7122,22.525285,3.000000,313.373413
7123,22.528665,3.000000,313.373413
7124,22.532129,4.000000,313.373413
7125,22.534994,3.000000,313.373413
7126,22.538299,3.000000,313.373413
7127,22.541277,3.000000,313.373413
7128,22.544296,3.000000,313.373413
7129,22.547069,3.000000,313.373413
7130,22.550380,3.000000,313.373413
7131,22.554205,4.000000,313.373413
7132,22.556985,3.000000,313.373413
7133,22.559648,2.000000,313.373413
7134,22.562238,3.000000,313.373413
7135,22.565311,3.000000,313.373413
7136,22.568187,3.000000,313.373413
7137,22.571417,3.000000,313.373413
7138,22.574179,3.000000,313.373413
7139,22.576988,3.000000,313.373413
7140,22.580986,4.000000,313.373413
7141,22.583800,3.000000,313.373413
7142,22.586970,3.000000,313.373413
7143,22.590006,3.000000,313.373413
7144,22.594130,4.000000,313.373413
7145,22.596970,3.000000,313.373413
7146,22.600281,3.000000,313.373413
7147,22.603371,3.000000,313.373413
7148,22.606484,3.000000,313.373413
7149,22.609282,3.000000,313.373413
7150,22.612454,3.000000,313.373413
7151,22.615253,3.000000,313.373413
7152,22.618110,3.000000,313.373413
7153,22.621255,3.000000,313.373413
7154,22.624069,3.000000,313.373413
7155,22.627239,3.000000,313.373413
7156,22.630059,3.000000,313.373413
7157,22.633252,3.000000,313.373413
7158,22.636029,3.000000,313.373413
7159,22.638847,3.000000,313.373413
7160,22.642031,3.000000,313.373413
7161,22.645238,3.000000,313.373413
7162,22.648608,3.000000,313.373413
7163,22.651472,3.000000,313.373413
7164,22.654706,3.000000,313.373413
7165,22.657786,4.000000,313.373413
7166,22.660664,2.000000,313.373413
7167,22.664168,4.000000,313.373413
7168,22.667374,3.000000,313.373413
7169,22.670187,3.000000,313.373413
7170,22.673229,3.000000,313.373413
7171,22.676458,3.000000,313.373413
7172,22.679038,3.000000,313.373413
7173,22.682240,3.000000,313.373413
7174,22.685054,3.000000,313.373413
7175,22.688294,3.000000,313.373413
7176,22.691081,3.000000,313.373413
7177,22.694052,3.000000,313.373413
7178,22.697116,3.000000,313.373413
7179,22.699933,3.000000,313.373413
7180,22.703164,3.000000,313.373413
7181,22.705947,3.000000,313.373413
7182,22.709349,3.000000,313.373413
7183,22.712509,3.000000,313.373413
7184,22.715271,3.000000,313.373413
7185,22.718641,3.000000,313.373413
7186,22.721519,3.000000,313.373413
7187,22.724678,3.000000,313.373413
7188,22.727537,3.000000,313.373413
7189,22.730667,3.000000,313.373413
7190,22.733517,3.000000,313.373413
7191,22.736697,3.000000,313.373413
7192,22.739542,3.000000,313.373413
7193,22.742361,3.000000,313.373413
7194,22.745556,3.000000,313.373413
7195,22.748377,3.000000,313.373413
7196,22.751579,3.000000,313.373413
7197,22.754395,3.000000,313.373413
7198,22.757202,3.000000,313.373413
7199,22.760395,3.000000,313.373413
7200,22.763303,3.000000,313.373413
7201,22.766462,3.000000,313.373413
7202,22.769587,3.000000,313.373413
7203,22.772528,3.000000,313.373413
7204,22.776043,4.000000,313.373413
7205,22.779224,3.000000,313.373413
7206,22.782007,3.000000,313.373413
7207,22.784891,3.000000,313.373413
7208,22.788116,3.000000,313.373413
7209,22.790857,3.000000,313.373413
7210,22.794139,3.000000,313.373413
7211,22.796958,3.000000,313.373413
7212,22.800084,3.000000,313.373413
7213,22.802930,3.000000,313.373413
7214,22.805817,3.000000,313.373413
7215,22.808990,3.000000,313.373413
7216,22.811822,3.000000,313.373413
7217,22.815001,3.000000,313.373413
7218,22.817829,3.000000,313.373413
7219,22.821077,3.000000,313.373413
7220,22.823847,3.000000,313.373413
7221,22.826667,2.000000,313.373413
7222,22.829909,4.000000,313.373413
7223,22.832900,2.000000,313.373413
7224,22.835983,4.000000,313.373413
7225,22.839303,3.000000,313.373413
7226,22.842551,3.000000,313.373413
7227,22.845458,3.000000,313.373413
7228,22.848611,3.000000,313.373413
7229,22.851384,3.000000,313.373413
7230,22.854277,3.000000,313.373413
7231,22.857439,3.000000,313.373413
7232,22.860238,3.000000,313.373413
7233,22.863533,3.000000,313.373413
7234,22.866284,3.000000,313.373413
7235,22.869530,3.000000,313.373413
7236,22.872326,3.000000,313.373413
7237,22.875199,3.000000,313.373413
7238,22.878408,3.000000,313.373413
7239,22.881483,3.000000,313.373413
7240,22.884500,3.000000,313.373413
7241,22.887201,3.000000,313.373413
7242,22.890443,3.000000,313.373413
7243,22.893256,3.000000,313.373413
7244,22.896081,3.000000,313.373413
7245,22.899262,3.000000,313.373413
7246,22.902413,3.000000,313.373413
7247,22.905730,3.000000,313.373413
7248,22.908574,3.000000,313.373413
7249,22.911801,4.000000,313.373413
7250,22.914661,2.000000,313.373413
7251,22.917821,4.000000,313.373413
7252,22.920653,2.000000,313.373413
7253,22.923523,3.000000,323.353577
7254,22.926745,3.000000,323.353577
7255,22.929534,3.000000,323.353577
7256,22.932753,4.000000,323.353577
7257,22.935522,2.000000,323.353577
7258,22.938888,4.000000,323.353577
7259,22.941590,2.000000,323.353577
7260,22.944447,3.000000,323.353577
7261,22.947639,3.000000,323.353577
7262,22.950435,3.000000,323.353577
7263,22.953650,3.000000,323.353577
7264,22.956456,3.000000,323.353577
7265,22.959351,3.000000,323.353577
7266,22.962580,3.000000,323.353577
7267,22.965409,3.000000,323.353577
7268,22.968945,4.000000,323.353577
7269,22.971866,3.000000,323.353577
7270,22.975067,3.000000,323.353577
7271,22.977806,3.000000,323.353577
7272,22.981026,3.000000,323.353577
7273,22.983838,3.000000,323.353577
7274,22.987329,3.000000,323.353577
7275,22.989882,3.000000,323.353577
7276,22.992893,3.000000,323.353577
7277,22.995944,3.000000,323.353577
7278,22.998767,3.000000,323.353577
7279,23.001974,3.000000,323.353577
7280,23.004827,3.000000,323.353577
7281,23.007941,3.000000,323.353577
7282,23.010836,3.000000,323.353577
7283,23.013612,2.000000,323.353577
7284,23.016951,4.000000,323.353577
7285,23.019664,2.000000,323.353577
7286,23.022908,4.000000,323.353577
7287,23.025742,2.000000,323.353577
7288,23.028948,4.000000,323.353577
7289,23.032665,3.000000,323.353577
7290,23.035291,3.000000,323.353577
7291,23.038470,3.000000,323.353577
7292,23.041291,3.000000,323.353577
7293,23.044464,3.000000,323.353577
7294,23.047308,3.000000,323.353577
7295,23.050502,3.000000,323.353577
7296,23.053302,3.000000,323.353577
7297,23.056560,3.000000,323.353577
7298,23.059379,3.000000,323.353577
7299,23.062354,3.000000,323.353577
7300,23.065428,3.000000,323.353577
7301,23.068238,3.000000,323.353577
7302,23.071450,3.000000,323.353577
7303,23.074266,3.000000,323.353577
7304,23.077495,3.000000,323.353577
7305,23.080331,3.000000,323.353577
7306,23.083233,3.000000,323.353577
7307,23.086357,3.000000,323.353577
7308,23.089302,3.000000,323.353577
7309,23.092389,3.000000,323.353577
7310,23.095811,4.000000,323.353577
7311,23.099566,3.000000,323.353577
7312,23.102053,3.000000,323.353577
7313,23.104875,3.000000,323.353577
7314,23.108221,3.000000,323.353577
7315,23.111130,3.000000,323.353577
7316,23.114157,3.000000,323.353577
7317,23.116917,3.000000,323.353577
7318,23.120137,3.000000,323.353577
7319,23.123016,3.000000,323.353577
7320,23.125851,3.000000,323.353577
7321,23.129060,3.000000,323.353577
7322,23.131905,3.000000,323.353577
7323,23.135097,3.000000,323.353577
7324,23.137891,3.000000,323.353577
7325,23.141116,3.000000,323.353577
7326,23.143913,3.000000,323.353577
7327,23.146748,3.000000,323.353577
7328,23.149942,3.000000,323.353577
7329,23.152820,3.000000,323.353577
7330,23.156023,3.000000,323.353577
7331,23.158883,3.000000,323.353577
7332,23.162590,3.000000,323.353577
7333,23.165385,3.000000,323.353577
7334,23.168636,3.000000,323.353577
7335,23.171398,3.000000,323.353577
7336,23.174676,3.000000,323.353577
7337,23.177469,3.000000,323.353577
7338,23.180394,3.000000,323.353577
7339,23.183503,3.000000,323.353577
7340,23.186301,3.000000,323.353577
7341,23.189558,3.000000,323.353577
7342,23.192310,3.000000,323.353577
7343,23.195661,3.000000,323.353577
7344,23.198372,3.000000,323.353577
7345,23.201186,3.000000,323.353577
7346,23.204436,3.000000,323.353577
7347,23.207214,3.000000,323.353577
7348,23.210486,3.000000,323.353577
7349,23.213227,3.000000,323.353577
7350,23.216456,3.000000,323.353577
7351,23.219233,3.000000,323.353577
7352,23.222365,3.000000,323.353577
7353,23.225906,4.000000,323.353577
7354,23.228774,2.000000,323.353577
7355,23.232019,4.000000,323.353577
7356,23.234802,3.000000,323.353577
7357,23.238080,3.000000,323.353577
7358,23.240912,3.000000,323.353577
7359,23.244055,3.000000,323.353577
7360,23.246901,3.000000,323.353577
7361,23.249762,3.000000,323.353577
7362,23.252947,3.000000,323.353577
7363,23.255826,3.000000,323.353577
7364,23.258972,3.000000,323.353577
7365,23.261810,3.000000,323.353577
7366,23.264987,3.000000,323.353577
7367,23.268032,3.000000,323.353577
7368,23.271064,3.000000,323.353577
7369,23.273819,3.000000,323.353577
7370,23.276715,2.000000,323.353577
7371,23.279962,4.000000,323.353577
7372,23.282841,3.000000,323.353577
7373,23.285696,2.000000,323.353577
7374,23.289454,4.000000,323.353577
7375,23.292721,3.000000,323.353577
7376,23.295447,3.000000,323.353577
7377,23.298414,3.000000,323.353577
7378,23.301504,3.000000,323.353577
7379,23.304270,3.000000,323.353577
7380,23.307510,3.000000,323.353577
7381,23.310303,3.000000,323.353577
7382,23.313319,3.000000,323.353577
7383,23.316328,3.000000,323.353577
7384,23.319217,3.000000,323.353577
7385,23.322339,3.000000,323.353577
7386,23.325208,3.000000,323.353577
7387,23.328716,3.000000,323.353577
7388,23.331259,3.000000,323.353577
7389,23.333998,3.000000,323.353577
7390,23.337234,3.000000,323.353577
7391,23.340081,3.000000,323.353577
7392,23.343230,3.000000,323.353577
7393,23.346106,3.000000,323.353577
7394,23.349400,3.000000,323.353577
7395,23.352282,3.000000,323.353577
7396,23.356064,4.000000,323.353577
7397,23.358859,3.000000,323.353577
7398,23.362216,3.000000,323.353577
7399,23.364932,3.000000,323.353577
7400,23.367710,2.000000,323.353577
7401,23.370896,4.000000,323.353577
7402,23.373743,3.000000,323.353577
7403,23.376981,3.000000,323.353577
7404,23.379818,3.000000,323.353577
7405,23.382999,3.000000,323.353577
7406,23.385804,3.000000,323.353577
7407,23.388642,2.000000,323.353577
7408,23.391835,4.000000,323.353577
7409,23.394625,2.000000,323.353577
7410,23.397883,4.000000,323.353577
7411,23.400670,2.000000,323.353577
7412,23.403867,4.000000,323.353577
7413,23.406684,2.000000,323.353577
7414,23.409698,3.000000,323.353577
7415,23.412725,3.000000,323.353577
7416,23.415550,3.000000,323.353577
7417,23.419232,4.000000,323.353577
7418,23.422055,3.000000,323.353577
7419,23.425340,3.000000,330.677460
7420,23.428118,3.000000,330.677460
7421,23.430935,3.000000,330.677460
7422,23.434179,3.000000,330.677460
7423,23.437112,3.000000,330.677460
7424,23.440155,3.000000,330.677460
7425,23.443008,3.000000,330.677460
7426,23.446196,3.000000,330.677460
7427,23.449002,3.000000,330.677460
7428,23.452220,3.000000,330.677460
7429,23.455200,3.000000,330.677460
7430,23.457947,3.000000,330.677460
7431,23.461052,3.000000,330.677460
7432,23.463846,3.000000,330.677460
7433,23.467049,3.000000,330.677460
7434,23.469939,3.000000,330.677460
7435,23.473120,3.000000,330.677460
7436,23.475910,3.000000,330.677460
7437,23.478798,3.000000,330.677460
7438,23.482428,3.000000,330.677460
7439,23.485293,3.000000,330.677460
7440,23.488503,3.000000,330.677460
7441,23.491333,3.000000,330.677460
7442,23.494175,3.000000,330.677460
7443,23.497371,3.000000,330.677460
7444,23.500183,3.000000,330.677460
7445,23.503515,3.000000,330.677460
7446,23.506533,3.000000,330.677460
7447,23.509561,3.000000,330.677460
7448,23.512403,3.000000,330.677460
7449,23.515609,3.000000,330.677460
7450,23.518484,3.000000,330.677460
7451,23.521344,3.000000,330.677460
7452,23.524596,3.000000,330.677460
7453,23.527479,3.000000,330.677460
7454,23.530590,3.000000,330.677460
7455,23.533418,3.000000,330.677460
7456,23.536634,3.000000,330.677460
7457,23.539461,3.000000,330.677460
7458,23.542304,3.000000,330.677460
7459,23.545755,4.000000,330.677460
7460,23.549027,3.000000,330.677460
7461,23.552277,3.000000,330.677460
7462,23.555163,3.000000,330.677460
7463,23.558338,3.000000,330.677460
7464,23.561145,3.000000,330.677460
7465,23.564320,3.000000,330.677460
7466,23.567098,3.000000,330.677460
7467,23.569895,3.000000,330.677460
7468,23.573068,3.000000,330.677460
7469,23.576079,3.000000,330.677460
7470,23.579080,3.000000,330.677460
7471,23.582047,3.000000,330.677460
7472,23.585133,3.000000,330.677460
7473,23.587931,3.000000,330.677460
7474,23.590795,3.000000,330.677460
7475,23.594012,3.000000,330.677460
7476,23.596869,3.000000,330.677460
7477,23.599993,3.000000,330.677460
7478,23.602921,3.000000,330.677460
7479,23.606050,3.000000,330.677460
7480,23.608858,3.000000,330.677460
7481,23.612693,3.000000,330.677460
7482,23.615428,3.000000,330.677460
7483,23.618314,3.000000,330.677460
7484,23.621439,3.000000,330.677460
7485,23.624432,3.000000,330.677460
7486,23.627512,3.000000,330.677460
7487,23.630440,3.000000,330.677460
7488,23.633515,3.000000,330.677460
7489,23.636283,3.000000,330.677460
7490,23.639168,3.000000,330.677460
7491,23.642317,3.000000,330.677460
7492,23.645216,3.000000,330.677460
7493,23.648431,3.000000,330.677460
7494,23.651238,3.000000,330.677460
7495,23.654492,3.000000,330.677460
7496,23.657318,3.000000,330.677460
7497,23.660148,3.000000,330.677460
7498,23.663405,3.000000,330.677460
7499,23.666358,3.000000,330.677460
7500,23.669432,3.000000,330.677460
7501,23.672185,3.000000,330.677460
7502,23.675528,3.000000,330.677460
7503,23.678752,3.000000,330.677460
7504,23.682029,4.000000,330.677460
7505,23.684951,3.000000,330.677460
7506,23.688082,3.000000,330.677460
7507,23.690897,3.000000,330.677460
7508,23.693598,2.000000,330.677460
7509,23.696774,4.000000,330.677460
7510,23.699626,2.000000,330.677460
7511,23.702713,3.000000,330.677460
7512,23.705788,3.000000,330.677460
7513,23.708719,3.000000,330.677460
7514,23.712158,4.000000,330.677460
7515,23.714605,2.000000,330.677460
7516,23.717761,3.000000,330.677460
7517,23.720514,3.000000,330.677460
7518,23.723356,3.000000,330.677460
7519,23.726540,3.000000,330.677460
7520,23.729364,3.000000,330.677460
7521,23.732572,3.000000,330.677460
7522,23.735408,3.000000,330.677460
7523,23.738881,4.000000,330.677460
7524,23.742118,3.000000,330.677460
7525,23.745257,3.000000,330.677460
7526,23.748065,3.000000,330.677460
7527,23.751331,3.000000,330.677460
7528,23.754092,3.000000,330.677460
7529,23.756938,3.000000,330.677460
7530,23.760163,3.000000,330.677460
7531,23.763175,3.000000,330.677460
7532,23.766223,3.000000,330.677460
7533,23.769020,3.000000,330.677460
7534,23.772149,3.000000,330.677460
7535,23.774964,3.000000,330.677460
7536,23.778114,3.000000,330.677460
7537,23.781056,3.000000,330.677460
7538,23.783970,3.000000,330.677460
7539,23.787065,3.000000,330.677460
7540,23.789907,3.000000,330.677460
7541,23.793142,3.000000,330.677460
7542,23.795940,3.000000,330.677460
7543,23.798761,2.000000,330.677460
7544,23.802066,4.000000,330.677460
7545,23.805219,3.000000,330.677460
7546,23.808378,3.000000,330.677460
7547,23.811507,3.000000,330.677460
7548,23.814670,3.000000,330.677460
7549,23.817563,3.000000,330.677460
7550,23.820293,3.000000,330.677460
7551,23.823797,4.000000,330.677460
7552,23.826436,2.000000,330.677460
7553,23.829526,3.000000,330.677460
7554,23.832397,3.000000,330.677460
7555,23.835538,3.000000,330.677460
7556,23.838302,3.000000,330.677460
7557,23.841570,3.000000,330.677460
7558,23.844363,3.000000,330.677460
7559,23.847227,3.000000,330.677460
7560,23.850401,3.000000,330.677460
7561,23.853228,3.000000,330.677460
7562,23.856453,3.000000,330.677460
7563,23.859307,3.000000,330.677460
7564,23.862598,3.000000,330.677460
7565,23.865339,3.000000,330.677460
7566,23.868838,4.000000,330.677460
7567,23.871996,3.000000,330.677460
7568,23.874885,3.000000,330.677460
7569,23.878021,3.000000,330.677460
7570,23.880830,3.000000,330.677460
7571,23.884036,3.000000,330.677460
7572,23.886873,3.000000,330.677460
7573,23.889747,2.000000,330.677460
7574,23.892897,4.000000,330.677460
7575,23.895591,2.000000,330.677460
7576,23.898855,4.000000,330.677460
7577,23.901640,2.000000,330.677460
7578,23.905130,4.000000,330.677460
7579,23.907911,3.000000,330.677460
7580,23.910719,2.000000,330.677460
7581,23.913955,4.000000,330.677460
7582,23.916692,2.000000,330.677460
7583,23.920117,4.000000,330.677460
7584,23.923259,3.000000,330.677460
7585,23.926385,3.000000,331.337463
7586,23.929298,3.000000,331.337463
7587,23.932174,3.000000,331.337463
7588,23.935396,3.000000,331.337463
7589,23.938187,3.000000,331.337463
7590,23.941378,3.000000,331.337463
7591,23.944141,3.000000,331.337463
7592,23.947293,3.000000,331.337463
7593,23.950073,3.000000,331.337463
7594,23.953361,3.000000,331.337463
7595,23.956150,3.000000,331.337463
7596,23.959043,3.000000,331.337463
7597,23.962186,3.000000,331.337463
7598,23.965064,3.000000,331.337463
7599,23.968214,3.000000,331.337463
7600,23.971006,3.000000,331.337463
7601,23.974240,3.000000,331.337463
7602,23.977048,3.000000,331.337463
7603,23.980262,3.000000,331.337463
7604,23.983104,3.000000,331.337463
7605,23.985904,3.000000,331.337463
7606,23.989068,3.000000,331.337463
7607,23.991861,3.000000,331.337463
7608,23.995083,3.000000,331.337463
7609,23.998576,3.000000,331.337463
7610,24.001830,4.000000,331.337463
7611,24.004989,3.000000,331.337463
7612,24.007465,2.000000,331.337463
7613,24.010652,3.000000,331.337463
7614,24.013569,3.000000,331.337463
7615,24.016721,3.000000,331.337463
7616,24.019470,3.000000,331.337463
7617,24.022680,3.000000,331.337463
7618,24.025523,3.000000,331.337463
7619,24.028331,3.000000,331.337463
7620,24.031587,3.000000,331.337463
7621,24.034621,3.000000,331.337463
7622,24.037593,3.000000,331.337463
7623,24.040359,3.000000,331.337463
7624,24.043613,3.000000,331.337463
7625,24.046482,3.000000,331.337463
7626,24.049328,3.000000,331.337463
7627,24.052481,3.000000,331.337463
7628,24.055309,3.000000,331.337463
7629,24.058498,3.000000,331.337463
7630,24.062140,4.000000,331.337463
7631,24.065215,3.000000,331.337463
7632,24.067984,3.000000,331.337463
7633,24.071171,3.000000,331.337463
7634,24.073995,3.000000,331.337463
7635,24.077200,3.000000,331.337463
7636,24.080006,3.000000,331.337463
7637,24.083016,3.000000,331.337463
7638,24.086086,3.000000,331.337463
7639,24.088846,3.000000,331.337463
7640,24.092157,3.000000,331.337463
7641,24.094855,3.000000,331.337463
7642,24.098131,3.000000,331.337463
7643,24.100888,3.000000,331.337463
7644,24.103790,3.000000,331.337463
7645,24.106903,3.000000,331.337463
7646,24.109697,2.000000,331.337463
7647,24.112934,4.000000,331.337463
7648,24.115743,3.000000,331.337463
7649,24.118959,3.000000,331.337463
7650,24.121791,3.000000,331.337463
7651,24.124933,3.000000,331.337463
7652,24.128481,3.000000,331.337463
7653,24.131345,3.000000,331.337463
7654,24.134426,3.000000,331.337463
7655,24.137226,3.000000,331.337463
7656,24.140455,3.000000,331.337463
7657,24.143285,3.000000,331.337463
7658,24.146088,3.000000,331.337463
7659,24.149344,3.000000,331.337463
7660,24.152160,3.000000,331.337463
7661,24.155394,3.000000,331.337463
7662,24.158311,3.000000,331.337463
7663,24.161424,3.000000,331.337463
7664,24.164255,3.000000,331.337463
7665,24.167121,3.000000,331.337463
7666,24.170379,3.000000,331.337463
7667,24.173227,3.000000,331.337463
7668,24.176408,3.000000,331.337463
7669,24.179193,3.000000,331.337463
7670,24.182412,3.000000,331.337463
7671,24.185417,3.000000,331.337463
7672,24.188055,3.000000,331.337463
7673,24.191729,3.000000,331.337463
7674,24.194939,4.000000,331.337463
7675,24.197810,3.000000,331.337463
7676,24.200858,2.000000,331.337463
7677,24.203777,4.000000,331.337463
7678,24.206593,2.000000,331.337463
7679,24.209821,4.000000,331.337463
7680,24.212630,2.000000,331.337463
7681,24.215559,3.000000,331.337463
7682,24.218679,3.000000,331.337463
7683,24.221473,3.000000,331.337463
7684,24.224712,3.000000,331.337463
7685,24.227517,3.000000,331.337463
7686,24.231016,4.000000,331.337463
7687,24.233615,2.000000,331.337463
7688,24.236423,3.000000,331.337463
7689,24.239627,3.000000,331.337463
7690,24.242716,3.000000,331.337463
7691,24.245671,3.000000,331.337463
7692,24.248519,3.000000,331.337463
7693,24.251694,3.000000,331.337463
7694,24.255152,4.000000,331.337463
7695,24.258312,3.000000,331.337463
7696,24.261145,3.000000,331.337463
7697,24.264039,3.000000,331.337463
7698,24.267205,3.000000,331.337463
7699,24.269981,3.000000,331.337463
7700,24.273178,3.000000,331.337463
7701,24.275990,3.000000,331.337463
7702,24.279228,3.000000,331.337463
7703,24.282038,3.000000,331.337463
7704,24.284882,3.000000,331.337463
7705,24.288120,3.000000,331.337463
7706,24.290929,3.000000,331.337463
7707,24.294151,3.000000,331.337463
7708,24.296970,3.000000,331.337463
7709,24.300140,3.000000,331.337463
7710,24.302974,3.000000,331.337463
7711,24.305791,3.000000,331.337463
7712,24.309417,3.000000,331.337463
7713,24.311926,3.000000,331.337463
7714,24.315045,3.000000,331.337463
7715,24.318315,3.000000,331.337463
7716,24.321741,3.000000,331.337463
7717,24.324724,3.000000,331.337463
7718,24.327963,4.000000,331.337463
7719,24.330729,2.000000,331.337463
7720,24.333530,3.000000,331.337463
7721,24.336750,3.000000,331.337463
7722,24.339624,3.000000,331.337463
7723,24.342813,4.000000,331.337463
7724,24.345634,2.000000,331.337463
7725,24.348802,4.000000,331.337463
7726,24.351580,2.000000,331.337463
7727,24.354379,3.000000,331.337463
7728,24.357612,3.000000,331.337463
7729,24.360466,3.000000,331.337463
7730,24.363664,3.000000,331.337463
7731,24.366736,4.000000,331.337463
7732,24.369714,2.000000,331.337463
7733,24.372584,3.000000,331.337463
7734,24.375354,3.000000,331.337463
7735,24.378534,3.000000,331.337463
7736,24.381647,3.000000,331.337463
7737,24.385083,4.000000,331.337463
7738,24.387845,3.000000,331.337463
7739,24.391052,3.000000,331.337463
7740,24.393837,3.000000,331.337463
7741,24.396670,2.000000,331.337463
7742,24.399917,4.000000,331.337463
7743,24.402694,2.000000,331.337463
7744,24.405986,4.000000,331.337463
7745,24.408690,2.000000,331.337463
7746,24.411959,4.000000,331.337463
7747,24.414750,3.000000,331.337463
7748,24.417562,2.000000,331.337463
7749,24.420793,4.000000,331.337463
7750,24.423631,2.000000,331.337463
7751,24.426824,4.000000,331.337402
7752,24.429635,2.000000,331.337402
7753,24.432857,4.000000,331.337402
7754,24.435706,2.000000,331.337402
7755,24.438934,4.000000,331.337402
7756,24.441686,2.000000,331.337402
7757,24.444569,3.000000,331.337402
7758,24.448238,4.000000,331.337402
7759,24.451136,3.000000,331.337402
7760,24.454300,3.000000,331.337402
7761,24.457109,3.000000,331.337402
7762,24.460356,3.000000,331.337402
7763,24.463155,3.000000,331.337402
7764,24.466366,3.000000,331.337402
7765,24.469168,3.000000,331.337402
7766,24.471956,3.000000,331.337402
7767,24.475256,3.000000,331.337402
7768,24.478027,3.000000,331.337402
7769,24.481211,3.000000,331.337402
7770,24.484040,3.000000,331.337402
7771,24.487292,3.000000,331.337402
7772,24.490069,3.000000,331.337402
7773,24.492913,3.000000,331.337402
7774,24.496121,3.000000,331.337402
7775,24.498865,3.000000,331.337402
7776,24.502128,3.000000,331.337402
7777,24.504931,3.000000,331.337402
7778,24.508207,3.000000,331.337402
7779,24.511315,3.000000,331.337402
7780,24.514421,3.000000,331.337402
7781,24.517709,3.000000,331.337402
7782,24.520464,3.000000,331.337402
7783,24.523679,3.000000,331.337402
7784,24.526488,3.000000,331.337402
7785,24.529826,4.000000,331.337402
7786,24.532623,2.000000,331.337402
7787,24.535333,3.000000,331.337402
7788,24.538573,3.000000,331.337402
7789,24.541453,3.000000,331.337402
7790,24.544560,3.000000,331.337402
7791,24.547510,3.000000,331.337402
7792,24.550588,3.000000,331.337402
7793,24.553400,3.000000,331.337402
7794,24.556282,3.000000,331.337402
7795,24.559440,3.000000,331.337402
7796,24.562229,3.000000,331.337402
7797,24.565439,3.000000,331.337402
7798,24.568325,3.000000,331.337402
7799,24.571677,3.000000,331.337402
7800,24.574358,3.000000,331.337402
7801,24.578183,4.000000,331.337402
7802,24.580967,3.000000,331.337402
7803,24.584188,3.000000,331.337402
7804,24.586986,3.000000,331.337402
7805,24.589954,3.000000,331.337402
7806,24.593032,3.000000,331.337402
7807,24.595816,3.000000,331.337402
7808,24.599041,3.000000,331.337402
7809,24.601857,3.000000,331.337402
7810,24.605103,3.000000,331.337402
7811,24.607887,3.000000,331.337402
7812,24.610761,3.000000,331.337402
7813,24.613975,3.000000,331.337402
7814,24.616719,2.000000,331.337402
7815,24.619951,4.000000,331.337402
7816,24.622790,3.000000,331.337402
7817,24.625944,3.000000,331.337402
7818,24.628825,3.000000,331.337402
7819,24.631680,2.000000,331.337402
7820,24.634822,4.000000,331.337402
7821,24.637668,2.000000,331.337402
7822,24.641423,4.000000,331.337402
7823,24.644245,3.000000,331.337402
7824,24.647457,3.000000,331.337402
7825,24.650263,3.000000,331.337402
7826,24.653497,3.000000,331.337402
7827,24.656279,3.000000,331.337402
7828,24.659299,3.000000,331.337402
7829,24.662314,3.000000,331.337402
7830,24.665224,3.000000,331.337402
7831,24.668344,3.000000,331.337402
7832,24.671136,3.000000,331.337402
7833,24.674365,3.000000,331.337402
7834,24.677216,3.000000,331.337402
7835,24.680186,3.000000,331.337402
7836,24.683220,3.000000,331.337402
7837,24.686026,3.000000,331.337402
7838,24.689249,3.000000,331.337402
7839,24.692038,3.000000,331.337402
7840,24.694842,3.000000,331.337402
7841,24.698124,3.000000,331.337402
7842,24.701007,3.000000,331.337402
7843,24.704677,3.000000,331.337402
7844,24.707405,3.000000,331.337402
7845,24.710634,3.000000,331.337402
7846,24.713433,3.000000,331.337402
7847,24.716660,3.000000,331.337402
7848,24.719467,3.000000,331.337402
7849,24.722339,3.000000,331.337402
7850,24.725500,3.000000,331.337402
7851,24.728677,3.000000,331.337402
7852,24.731634,3.000000,331.337402
7853,24.734491,3.000000,331.337402
7854,24.737188,3.000000,331.337402
7855,24.740412,3.000000,331.337402
7856,24.743235,3.000000,331.337402
7857,24.746481,3.000000,331.337402
7858,24.749319,3.000000,331.337402
7859,24.752468,3.000000,331.337402
7860,24.755299,3.000000,331.337402
7861,24.758513,3.000000,331.337402
7862,24.761310,3.000000,331.337402
7863,24.764105,3.000000,331.337402
7864,24.767623,3.000000,331.337402
7865,24.770808,4.000000,331.337402
7866,24.774005,3.000000,331.337402
7867,24.776818,3.000000,331.337402
7868,24.780137,3.000000,331.337402
7869,24.782818,3.000000,331.337402
7870,24.785688,2.000000,331.337402
7871,24.788998,4.000000,331.337402
7872,24.791727,2.000000,331.337402
7873,24.794957,4.000000,331.337402
7874,24.797812,3.000000,331.337402
7875,24.800956,3.000000,331.337402
7876,24.803761,3.000000,331.337402
7877,24.806972,3.000000,331.337402
7878,24.809796,3.000000,331.337402
7879,24.812613,2.000000,331.337402
7880,24.815815,4.000000,331.337402
7881,24.818613,2.000000,331.337402
7882,24.821889,4.000000,331.337402
7883,24.824703,2.000000,331.337402
7884,24.827920,4.000000,331.337402
7885,24.830719,2.000000,331.337402
7886,24.833876,4.000000,331.337402
7887,24.837162,3.000000,331.337402
7888,24.840191,3.000000,331.337402
7889,24.843377,3.000000,331.337402
7890,24.846266,3.000000,331.337402
7891,24.849407,3.000000,331.337402
7892,24.852193,3.000000,331.337402
7893,24.855450,3.000000,331.337402
7894,24.858276,3.000000,331.337402
7895,24.861088,3.000000,331.337402
7896,24.864297,3.000000,331.337402
7897,24.867089,3.000000,331.337402
7898,24.870361,3.000000,331.337402
7899,24.873194,3.000000,331.337402
7900,24.876378,3.000000,331.337402
7901,24.879196,3.000000,331.337402
7902,24.882038,3.000000,331.337402
7903,24.885298,3.000000,331.337402
7904,24.888083,3.000000,331.337402
7905,24.891247,3.000000,331.337402
7906,24.894123,3.000000,331.337402
7907,24.897859,4.000000,331.337402
7908,24.900674,2.000000,331.337402
7909,24.903837,4.000000,331.337402
7910,24.906647,2.000000,331.337402
7911,24.909683,3.000000,331.337402
7912,24.912663,3.000000,331.337402
7913,24.915466,3.000000,331.337402
7914,24.918689,3.000000,331.337402
7915,24.921488,3.000000,331.337402
7916,24.924714,3.000000,331.337402
7917,24.927667,3.000000,331.337402
7918,24.930341,3.000000,332.008179
7919,24.933552,3.000000,332.008179
7920,24.936370,3.000000,332.008179
7921,24.939573,3.000000,332.008179
7922,24.942524,3.000000,332.008179
7923,24.945783,4.000000,332.008179
7924,24.948487,2.000000,332.008179
7925,24.951219,3.000000,332.008179
7926,24.954476,3.000000,332.008179
7927,24.957271,3.000000,332.008179
7928,24.960909,4.000000,332.008179
7929,24.963737,2.000000,332.008179
7930,24.966987,4.000000,332.008179
7931,24.969764,3.000000,332.008179
7932,24.972962,3.000000,332.008179
7933,24.975822,3.000000,332.008179
7934,24.978797,3.000000,332.008179
7935,24.981836,3.000000,332.008179
7936,24.984642,2.000000,332.008179
7937,24.987894,4.000000,332.008179
7938,24.990715,2.000000,332.008179
7939,24.993940,4.000000,332.008179
7940,24.996708,2.000000,332.008179
7941,24.999672,3.000000,332.008179
7942,25.002713,3.000000,332.008179
7943,25.005481,3.000000,332.008179
7944,25.008745,4.000000,332.008179
7945,25.011533,2.000000,332.008179
7946,25.014805,4.000000,332.008179
7947,25.017596,2.000000,332.008179
7948,25.020481,3.000000,332.008179
7949,25.023877,4.000000,332.008179
7950,25.027085,3.000000,332.008179
7951,25.030234,3.000000,332.008179
7952,25.033022,3.000000,332.008179
7953,25.036233,3.000000,332.008179
7954,25.039102,3.000000,332.008179
7955,25.041900,3.000000,332.008179
7956,25.045139,3.000000,332.008179
7957,25.047958,3.000000,332.008179
7958,25.051146,3.000000,332.008179
7959,25.053905,3.000000,332.008179
7960,25.057112,3.000000,332.008179
7961,25.059921,3.000000,332.008179
7962,25.062794,3.000000,332.008179
7963,25.066108,3.000000,332.008179
7964,25.069033,3.000000,332.008179
7965,25.072006,3.000000,332.008179
7966,25.074893,3.000000,332.008179
7967,25.078063,3.000000,332.008179
7968,25.080887,3.000000,332.008179
7969,25.084062,3.000000,332.008179
7970,25.087157,3.000000,332.008179
7971,25.090414,3.000000,332.008179
7972,25.093566,3.000000,332.008179
7973,25.096428,3.000000,332.008179
7974,25.099617,3.000000,332.008179
7975,25.102501,3.000000,332.008179
7976,25.105667,3.000000,332.008179
7977,25.108407,3.000000,332.008179
7978,25.111320,3.000000,332.008179
7979,25.114515,3.000000,332.008179
7980,25.117391,3.000000,332.008179
7981,25.120530,3.000000,332.008179
7982,25.123316,3.000000,332.008179
7983,25.126584,3.000000,332.008179
7984,25.129327,3.000000,332.008179
7985,25.132213,3.000000,332.008179
7986,25.135397,3.000000,332.008179
7987,25.138411,3.000000,332.008179
7988,25.141456,3.000000,332.008179
7989,25.144226,3.000000,332.008179
7990,25.147458,3.000000,332.008179
7991,25.150305,3.000000,332.008179
7992,25.153841,4.000000,332.008179
7993,25.156970,3.000000,332.008179
7994,25.159794,3.000000,332.008179
7995,25.162953,3.000000,332.008179
7996,25.165790,3.000000,332.008179
7997,25.168998,3.000000,332.008179
7998,25.171793,3.000000,332.008179
7999,25.175023,3.000000,332.008179
8000,25.177955,3.000000,332.008179
8001,25.180657,2.000000,332.008179
8002,25.183963,4.000000,332.008179
8003,25.186722,2.000000,332.008179
8004,25.189933,4.000000,332.008179
8005,25.192752,3.000000,332.008179
8006,25.196139,3.000000,332.008179
8007,25.198801,3.000000,332.008179
8008,25.201641,2.000000,332.008179
8009,25.204820,4.000000,332.008179
8010,25.207826,2.000000,332.008179
8011,25.210854,4.000000,332.008179
8012,25.213659,2.000000,332.008179
8013,25.217062,4.000000,332.008179
8014,25.220253,3.000000,332.008179
8015,25.223671,3.000000,332.008179
8016,25.226482,3.000000,332.008179
8017,25.229316,3.000000,332.008179
8018,25.232546,3.000000,332.008179
8019,25.235512,3.000000,332.008179
8020,25.238579,3.000000,332.008179
8021,25.241341,3.000000,332.008179
8022,25.244537,3.000000,332.008179
8023,25.247364,3.000000,332.008179
8024,25.250190,3.000000,332.008179
8025,25.253394,3.000000,332.008179
8026,25.256305,3.000000,332.008179
8027,25.259461,3.000000,332.008179
8028,25.262277,3.000000,332.008179
8029,25.265475,3.000000,332.008179
8030,25.268273,3.000000,332.008179
8031,25.271375,3.000000,332.008179
8032,25.274293,3.000000,332.008179
8033,25.277091,3.000000,332.008179
8034,25.280427,3.000000,332.008179
8035,25.284943,4.000000,332.008179
8036,25.287138,3.000000,332.008179
8037,25.290155,3.000000,332.008179
8038,25.293377,3.000000,332.008179
8039,25.296215,3.000000,332.008179
8040,25.299109,3.000000,332.008179
8041,25.302226,3.000000,332.008179
8042,25.305225,3.000000,332.008179
8043,25.308306,3.000000,332.008179
8044,25.311150,3.000000,332.008179
8045,25.314333,3.000000,332.008179
8046,25.317144,3.000000,332.008179
8047,25.320327,3.000000,332.008179
8048,25.323140,3.000000,332.008179
8049,25.326039,3.000000,332.008179
8050,25.329218,3.000000,332.008179
8051,25.331969,3.000000,332.008179
8052,25.335690,3.000000,332.008179
8053,25.338485,3.000000,332.008179
8054,25.341687,3.000000,332.008179
8055,25.344456,3.000000,332.008179
8056,25.347301,3.000000,332.008179
8057,25.350605,3.000000,332.008179
8058,25.353403,3.000000,332.008179
8059,25.356682,3.000000,332.008179
8060,25.359411,3.000000,332.008179
8061,25.362229,3.000000,332.008179
8062,25.365496,3.000000,332.008179
8063,25.368450,3.000000,332.008179
8064,25.371554,3.000000,332.008179
8065,25.374561,3.000000,332.008179
8066,25.377603,3.000000,332.008179
8067,25.380385,3.000000,332.008179
8068,25.383615,3.000000,332.008179
8069,25.386703,3.000000,332.008179
8070,25.390230,4.000000,332.008179
8071,25.393080,3.000000,332.008179
8072,25.396274,3.000000,332.008179
8073,25.399417,3.000000,332.008179
8074,25.402501,3.000000,332.008179
8075,25.405460,3.000000,332.008179
8076,25.408298,3.000000,332.008179
8077,25.411727,3.000000,332.008179
8078,25.414274,3.000000,332.008179
8079,25.417116,3.000000,332.008179
8080,25.420392,3.000000,332.008179
8081,25.423235,3.000000,332.008179
8082,25.426399,3.000000,332.008179
8083,25.429228,3.000000,332.008179
8084,25.432427,3.000000,330.677490
8085,25.435228,3.000000,330.677490
8086,25.438082,3.000000,330.677490
8087,25.441268,3.000000,330.677490
8088,25.444161,3.000000,330.677490
8089,25.447302,3.000000,330.677490
8090,25.450131,3.000000,330.677490
8091,25.453872,4.000000,330.677490
8092,25.456685,2.000000,330.677490
8093,25.460192,4.000000,330.677490
8094,25.462972,3.000000,330.677490
8095,25.465816,3.000000,330.677490
8096,25.469022,3.000000,330.677490
8097,25.471844,3.000000,330.677490
8098,25.475060,3.000000,330.677490
8099,25.477843,3.000000,330.677490
8100,25.481114,3.000000,330.677490
8101,25.483891,3.000000,330.677490
8102,25.487103,3.000000,330.677490
8103,25.490037,3.000000,330.677490
8104,25.492849,3.000000,330.677490
8105,25.495965,3.000000,330.677490
8106,25.498791,3.000000,330.677490
8107,25.501994,3.000000,330.677490
8108,25.504764,3.000000,330.677490
8109,25.507986,3.000000,330.677490
8110,25.510783,3.000000,330.677490
8111,25.513619,2.000000,330.677490
8112,25.517363,4.000000,330.677490
8113,25.520238,3.000000,330.677490
8114,25.523425,3.000000,330.677490
8115,25.526225,3.000000,330.677490
8116,25.529436,3.000000,330.677490
8117,25.532239,3.000000,330.677490
8118,25.535480,3.000000,330.677490
8119,25.538307,3.000000,330.677490
8120,25.541267,3.000000,330.677490
8121,25.544263,3.000000,330.677490
8122,25.547117,3.000000,330.677490
8123,25.550309,3.000000,330.677490
8124,25.553139,3.000000,330.677490
8125,25.555983,3.000000,330.677490
8126,25.559228,3.000000,330.677490
8127,25.562231,3.000000,330.677490
8128,25.565216,3.000000,330.677490
8129,25.568063,3.000000,330.677490
8130,25.571296,3.000000,330.677490
8131,25.574090,3.000000,330.677490
8132,25.577380,3.000000,330.677490
8133,25.580562,3.000000,330.677490
8134,25.583642,3.000000,330.677490
8135,25.586742,4.000000,330.677490
8136,25.589589,2.000000,330.677490
8137,25.592795,4.000000,330.677490
8138,25.595589,2.000000,330.677490
8139,25.598932,4.000000,330.677490
8140,25.601604,2.000000,330.677490
8141,25.604443,3.000000,330.677490
8142,25.607620,3.000000,330.677490
8143,25.610508,3.000000,330.677490
8144,25.613618,3.000000,330.677490
8145,25.616470,3.000000,330.677490
8146,25.619729,3.000000,330.677490
8147,25.622491,3.000000,330.677490
8148,25.625342,3.000000,330.677490
8149,25.628539,3.000000,330.677490
8150,25.631545,3.000000,330.677490
8151,25.634649,3.000000,330.677490
8152,25.637344,3.000000,330.677490
8153,25.640563,3.000000,330.677490
8154,25.643425,3.000000,330.677490
8155,25.647234,4.000000,330.677490
8156,25.650010,3.000000,330.677490
8157,25.652870,3.000000,330.677490
8158,25.656059,3.000000,330.677490
8159,25.658880,3.000000,330.677490
8160,25.662105,3.000000,330.677490
8161,25.664898,3.000000,330.677490
8162,25.668179,3.000000,330.677490
8163,25.670927,3.000000,330.677490
8164,25.673756,3.000000,330.677490
8165,25.677114,3.000000,330.677490
8166,25.679854,3.000000,330.677490
8167,25.683079,3.000000,330.677490
8168,25.685906,3.000000,330.677490
8169,25.689004,3.000000,330.677490
8170,25.691895,3.000000,330.677490
8171,25.694720,2.000000,330.677490
8172,25.697992,4.000000,330.677490
8173,25.700963,3.000000,330.677490
8174,25.703925,3.000000,330.677490
8175,25.706735,2.000000,330.677490
8176,25.710562,4.000000,330.677490
8177,25.713336,3.000000,330.677490
8178,25.716600,3.000000,330.677490
8179,25.719385,3.000000,330.677490
8180,25.722240,3.000000,330.677490
8181,25.725462,3.000000,330.677490
8182,25.728242,3.000000,330.677490
8183,25.731463,3.000000,330.677490
8184,25.734233,3.000000,330.677490
8185,25.737393,3.000000,330.677490
8186,25.740271,3.000000,330.677490
8187,25.743131,3.000000,330.677490
8188,25.746298,3.000000,330.677490
8189,25.749125,3.000000,330.677490
8190,25.752323,3.000000,330.677490
8191,25.755136,3.000000,330.677490
8192,25.758351,3.000000,330.677490
8193,25.761182,3.000000,330.677490
8194,25.764004,3.000000,330.677490
8195,25.767227,3.000000,330.677490
8196,25.770237,3.000000,330.677490
8197,25.773426,3.000000,330.677490
8198,25.776462,3.000000,330.677490
8199,25.779737,3.000000,330.677490
8200,25.782560,3.000000,330.677490
8201,25.785604,3.000000,330.677490
8202,25.788622,3.000000,330.677490
8203,25.791439,3.000000,330.677490
8204,25.794651,3.000000,330.677490
8205,25.797507,3.000000,330.677490
8206,25.800672,3.000000,330.677490
8207,25.803482,3.000000,330.677490
8208,25.806686,3.000000,330.677490
8209,25.809531,3.000000,330.677490
8210,25.812405,3.000000,330.677490
8211,25.815536,3.000000,330.677490
8212,25.818345,3.000000,330.677490
8213,25.821539,3.000000,330.677490
8214,25.824428,3.000000,330.677490
8215,25.827639,3.000000,330.677490
8216,25.830422,3.000000,330.677490
8217,25.833246,3.000000,330.677490
8218,25.836739,3.000000,330.677490
8219,25.840025,4.000000,330.677490
8220,25.843092,3.000000,330.677490
8221,25.845833,3.000000,330.677490
8222,25.849088,3.000000,330.677490
8223,25.851886,3.000000,330.677490
8224,25.854764,3.000000,330.677490
8225,25.857930,3.000000,330.677490
8226,25.860830,3.000000,330.677490
8227,25.863935,3.000000,330.677490
8228,25.866764,3.000000,330.677490
8229,25.870024,3.000000,330.677490
8230,25.872779,3.000000,330.677490
8231,25.875572,2.000000,330.677490
8232,25.878853,4.000000,330.677490
8233,25.881758,3.000000,330.677490
8234,25.884908,3.000000,330.677490
8235,25.887667,2.000000,330.677490
8236,25.890962,4.000000,330.677490
8237,25.893808,2.000000,330.677490
8238,25.896535,3.000000,330.677490
8239,25.899981,4.000000,330.677490
8240,25.903450,3.000000,330.677490
8241,25.906646,3.000000,330.677490
8242,25.909915,4.000000,330.677490
8243,25.913045,3.000000,330.677490
8244,25.915876,3.000000,330.677490
8245,25.919030,3.000000,330.677490
8246,25.921869,3.000000,330.677490
8247,25.925126,3.000000,330.677490
8248,25.927857,3.000000,330.677490
8249,25.930686,2.000000,330.677490
8250,25.933953,4.000000,330.677551
8251,25.936859,2.000000,330.677551
8252,25.939927,4.000000,330.677551
8253,25.942707,2.000000,330.677551
8254,25.946003,4.000000,330.677551
8255,25.948815,3.000000,330.677551
8256,25.951595,2.000000,330.677551
8257,25.954788,4.000000,330.677551
8258,25.957896,2.000000,330.677551
8259,25.960840,4.000000,330.677551
8260,25.963728,2.000000,330.677551
8261,25.967411,4.000000,330.677551
8262,25.970191,3.000000,330.677551
8263,25.972989,3.000000,330.677551
8264,25.976233,3.000000,330.677551
8265,25.978981,3.000000,330.677551
8266,25.982257,3.000000,330.677551
8267,25.985050,3.000000,330.677551
8268,25.988275,3.000000,330.677551
8269,25.991028,3.000000,330.677551
8270,25.993886,3.000000,330.677551
8271,25.997124,3.000000,330.677551
8272,25.999948,3.000000,330.677551
8273,26.003219,3.000000,330.677551
8274,26.005991,3.000000,330.677551
8275,26.009180,3.000000,330.677551
8276,26.012033,3.000000,330.677551
8277,26.015360,3.000000,330.677551
8278,26.018073,3.000000,330.677551
8279,26.020861,3.000000,330.677551
8280,26.024128,3.000000,330.677551
8281,26.026879,3.000000,330.677551
8282,26.030368,3.000000,330.677551
8283,26.033510,3.000000,330.677551
8284,26.036733,3.000000,330.677551
8285,26.039581,3.000000,330.677551
8286,26.042749,3.000000,330.677551
8287,26.045541,3.000000,330.677551
8288,26.048343,3.000000,330.677551
8289,26.051601,3.000000,330.677551
8290,26.054420,3.000000,330.677551
8291,26.057600,3.000000,330.677551
8292,26.060413,3.000000,330.677551
8293,26.063624,3.000000,330.677551
8294,26.066614,3.000000,330.677551
8295,26.069341,3.000000,330.677551
8296,26.072481,3.000000,330.677551
8297,26.075243,3.000000,330.677551
8298,26.078497,3.000000,330.677551
8299,26.081260,3.000000,330.677551
8300,26.084468,3.000000,330.677551
8301,26.087266,3.000000,330.677551
8302,26.090101,3.000000,330.677551
8303,26.093308,3.000000,330.677551
8304,26.096829,4.000000,330.677551
8305,26.099990,3.000000,330.677551
8306,26.102817,3.000000,330.677551
8307,26.105992,3.000000,330.677551
8308,26.108827,3.000000,330.677551
8309,26.111648,2.000000,330.677551
8310,26.114866,4.000000,330.677551
8311,26.117675,2.000000,330.677551
8312,26.121071,4.000000,330.677551
8313,26.123704,2.000000,330.677551
8314,26.127059,4.000000,330.677551
8315,26.129764,3.000000,330.677551
8316,26.133016,3.000000,330.677551
8317,26.135789,3.000000,330.677551
8318,26.138620,2.000000,330.677551
8319,26.141820,4.000000,330.677551
8320,26.144626,2.000000,330.677551
8321,26.147904,4.000000,330.677551
8322,26.150712,2.000000,330.677551
8323,26.153946,4.000000,330.677551
8324,26.156716,2.000000,330.677551
8325,26.160221,4.000000,330.677551
8326,26.163502,3.000000,330.677551
8327,26.166236,3.000000,330.677551
8328,26.169389,3.000000,330.677551
8329,26.172154,3.000000,330.677551
8330,26.175435,3.000000,330.677551
8331,26.178284,3.000000,330.677551
8332,26.181074,3.000000,330.677551
8333,26.184228,3.000000,330.677551
8334,26.187115,3.000000,330.677551
8335,26.190270,3.000000,330.677551
8336,26.193058,3.000000,330.677551
8337,26.196329,3.000000,330.677551
8338,26.199143,3.000000,330.677551
8339,26.201957,3.000000,330.677551
8340,26.205300,3.000000,330.677551
8341,26.208008,3.000000,330.677551
8342,26.211173,3.000000,330.677551
8343,26.213936,3.000000,330.677551
8344,26.217184,3.000000,330.677551
8345,26.219963,3.000000,330.677551
8346,26.223075,3.000000,330.677551
8347,26.226495,3.000000,330.677551
8348,26.229681,3.000000,330.677551
8349,26.232506,3.000000,330.677551
8350,26.235344,3.000000,330.677551
8351,26.238571,3.000000,330.677551
8352,26.241325,3.000000,330.677551
8353,26.244613,3.000000,330.677551
8354,26.247440,3.000000,330.677551
8355,26.250247,3.000000,330.677551
8356,26.253481,3.000000,330.677551
8357,26.256511,3.000000,330.677551
8358,26.259560,3.000000,330.677551
8359,26.262294,3.000000,330.677551
8360,26.265509,3.000000,330.677551
8361,26.268388,3.000000,330.677551
8362,26.271178,3.000000,330.677551
8363,26.274445,3.000000,330.677551
8364,26.277394,3.000000,330.677551
8365,26.280409,3.000000,330.677551
8366,26.283351,3.000000,330.677551
8367,26.286446,3.000000,330.677551
8368,26.290070,4.000000,330.677551
8369,26.293198,3.000000,330.677551
8370,26.296015,3.000000,330.677551
8371,26.298835,3.000000,330.677551
8372,26.302036,3.000000,330.677551
8373,26.304927,3.000000,330.677551
8374,26.308083,3.000000,330.677551
8375,26.310897,3.000000,330.677551
8376,26.314203,3.000000,330.677551
8377,26.316886,3.000000,330.677551
8378,26.319745,3.000000,330.677551
8379,26.322946,3.000000,330.677551
8380,26.325965,3.000000,330.677551
8381,26.328950,3.000000,330.677551
8382,26.331798,3.000000,330.677551
8383,26.335011,3.000000,330.677551
8384,26.337868,3.000000,330.677551
8385,26.340640,2.000000,330.677551
8386,26.343899,4.000000,330.677551
8387,26.346861,3.000000,330.677551
8388,26.349925,3.000000,330.677551
8389,26.353364,3.000000,330.677551
8390,26.356523,3.000000,330.677551
8391,26.359501,3.000000,330.677551
8392,26.362535,3.000000,330.677551
8393,26.365327,3.000000,330.677551
8394,26.368254,3.000000,330.677551
8395,26.371396,3.000000,330.677551
8396,26.374191,3.000000,330.677551
8397,26.377447,3.000000,330.677551
8398,26.380271,3.000000,330.677551
8399,26.383097,3.000000,330.677551
8400,26.386281,3.000000,330.677551
8401,26.389066,3.000000,330.677551
8402,26.392344,3.000000,330.677551
8403,26.395387,3.000000,330.677551
8404,26.398301,3.000000,330.677551
8405,26.401181,3.000000,330.677551
8406,26.404340,3.000000,330.677551
8407,26.407187,3.000000,330.677551
8408,26.410000,3.000000,330.677551
8409,26.413227,3.000000,330.677551
8410,26.416384,3.000000,330.677551
8411,26.419719,3.000000,330.677551
8412,26.422566,3.000000,330.677551
8413,26.426049,4.000000,330.677551
8414,26.428817,3.000000,330.677551
8415,26.432055,3.000000,330.677551
8416,26.434855,3.000000,331.337677
8417,26.437703,2.000000,331.337677
8418,26.441066,4.000000,331.337677
8419,26.443773,2.000000,331.337677
8420,26.446916,4.000000,331.337677
8421,26.449729,2.000000,331.337677
8422,26.452921,4.000000,331.337677
8423,26.455783,3.000000,331.337677
8424,26.458576,2.000000,331.337677
8425,26.461770,4.000000,331.337677
8426,26.464706,2.000000,331.337677
8427,26.467813,4.000000,331.337677
8428,26.470749,3.000000,331.337677
8429,26.473837,3.000000,331.337677
8430,26.476707,2.000000,331.337677
8431,26.479475,3.000000,331.337677
8432,26.483033,4.000000,331.337677
8433,26.485933,3.000000,331.337677
8434,26.489080,3.000000,331.337677
8435,26.491912,3.000000,331.337677
8436,26.495126,3.000000,331.337677
8437,26.497892,3.000000,331.337677
8438,26.500687,2.000000,331.337677
8439,26.503952,4.000000,331.337677
8440,26.506787,3.000000,331.337677
8441,26.510010,3.000000,331.337677
8442,26.512796,3.000000,331.337677
8443,26.516023,3.000000,331.337677
8444,26.518867,3.000000,331.337677
8445,26.521623,2.000000,331.337677
8446,26.524855,4.000000,331.337677
8447,26.527714,2.000000,331.337677
8448,26.530919,4.000000,331.337677
8449,26.533792,2.000000,331.337677
8450,26.536959,4.000000,331.337677
8451,26.540115,3.000000,331.337677
8452,26.542993,3.000000,331.337677
8453,26.546443,3.000000,331.337677
8454,26.549646,3.000000,331.337677
8455,26.552434,3.000000,331.337677
8456,26.555259,3.000000,331.337677
8457,26.558459,3.000000,331.337677
8458,26.561283,3.000000,331.337677
8459,26.564464,3.000000,331.337677
8460,26.567279,3.000000,331.337677
8461,26.570451,3.000000,331.337677
8462,26.573273,3.000000,331.337677
8463,26.576126,3.000000,331.337677
8464,26.579308,3.000000,331.337677
8465,26.582074,3.000000,331.337677
8466,26.585362,3.000000,331.337677
8467,26.588195,3.000000,331.337677
8468,26.591373,3.000000,331.337677
8469,26.594227,3.000000,331.337677
8470,26.597084,3.000000,331.337677
8471,26.600318,3.000000,331.337677
8472,26.602952,3.000000,331.337677
8473,26.606209,3.000000,331.337677
8474,26.609377,3.000000,331.337677
8475,26.612887,4.000000,331.337677
8476,26.615696,2.000000,331.337677
8477,26.618517,3.000000,331.337677
8478,26.621744,4.000000,331.337677
8479,26.624694,2.000000,331.337677
8480,26.627764,4.000000,331.337677
8481,26.630603,2.000000,331.337677
8482,26.633822,4.000000,331.337677
8483,26.636626,2.000000,331.337677
8484,26.639446,3.000000,331.337677
8485,26.642655,3.000000,331.337677
8486,26.645461,3.000000,331.337677
8487,26.648665,3.000000,331.337677
8488,26.651484,3.000000,331.337677
8489,26.654679,3.000000,331.337677
8490,26.657499,3.000000,331.337677
8491,26.660349,3.000000,331.337677
8492,26.663557,3.000000,331.337677
8493,26.666408,3.000000,331.337677
8494,26.669564,3.000000,331.337677
8495,26.672402,3.000000,331.337677
8496,26.676155,4.000000,331.337677
8497,26.678866,3.000000,331.337677
8498,26.682144,3.000000,331.337677
8499,26.684918,3.000000,331.337677
8500,26.688166,3.000000,331.337677
8501,26.690983,3.000000,331.337677
8502,26.694037,3.000000,331.337677
8503,26.697039,3.000000,331.337677
8504,26.699847,3.000000,331.337677
8505,26.703158,3.000000,331.337677
8506,26.705872,3.000000,331.337677
8507,26.708726,2.000000,331.337677
8508,26.711957,4.000000,331.337677
8509,26.714919,3.000000,331.337677
8510,26.717930,3.000000,331.337677
8511,26.721261,3.000000,331.337677
8512,26.723925,3.000000,331.337677
8513,26.726731,2.000000,331.337677
8514,26.729973,4.000000,331.337677
8515,26.732770,3.000000,331.337677
8516,26.735766,3.000000,331.337677
8517,26.739374,3.000000,331.337677
8518,26.742164,3.000000,331.337677
8519,26.745372,3.000000,331.337677
8520,26.748180,3.000000,331.337677
8521,26.751389,3.000000,331.337677
8522,26.754208,3.000000,331.337677
8523,26.757073,3.000000,331.337677
8524,26.760349,3.000000,331.337677
8525,26.763184,3.000000,331.337677
8526,26.766383,3.000000,331.337677
8527,26.769201,3.000000,331.337677
8528,26.772394,3.000000,331.337677
8529,26.775186,3.000000,331.337677
8530,26.778057,3.000000,331.337677
8531,26.781268,3.000000,331.337677
8532,26.784291,3.000000,331.337677
8533,26.787356,3.000000,331.337677
8534,26.790092,3.000000,331.337677
8535,26.793339,3.000000,331.337677
8536,26.796197,3.000000,331.337677
8537,26.798989,3.000000,331.337677
8538,26.802584,3.000000,331.337677
8539,26.805617,3.000000,331.337677
8540,26.808809,4.000000,331.337677
8541,26.811577,2.000000,331.337677
8542,26.814787,4.000000,331.337677
8543,26.817608,2.000000,331.337677
8544,26.820934,4.000000,331.337677
8545,26.823670,2.000000,331.337677
8546,26.826514,3.000000,331.337677
8547,26.829736,3.000000,331.337677
8548,26.832546,3.000000,331.337677
8549,26.835802,4.000000,331.337677
8550,26.838584,2.000000,331.337677
8551,26.841898,4.000000,331.337677
8552,26.844693,2.000000,331.337677
8553,26.847522,3.000000,331.337677
8554,26.850749,4.000000,331.337677
8555,26.853750,3.000000,331.337677
8556,26.856804,3.000000,331.337677
8557,26.859630,2.000000,331.337677
8558,26.862827,4.000000,331.337677
8559,26.865607,2.000000,331.337677
8560,26.869455,4.000000,331.337677
8561,26.872216,3.000000,331.337677
8562,26.875130,3.000000,331.337677
8563,26.878276,3.000000,331.337677
8564,26.881108,3.000000,331.337677
8565,26.884284,3.000000,331.337677
8566,26.887116,3.000000,331.337677
8567,26.890419,3.000000,331.337677
8568,26.893131,3.000000,331.337677
8569,26.895941,3.000000,331.337677
8570,26.899179,3.000000,331.337677
8571,26.902254,3.000000,331.337677
8572,26.905208,3.000000,331.337677
8573,26.908042,3.000000,331.337677
8574,26.911251,3.000000,331.337677
8575,26.914029,3.000000,331.337677
8576,26.916832,3.000000,331.337677
8577,26.920067,3.000000,331.337677
8578,26.922940,3.000000,331.337677
8579,26.926105,3.000000,331.337677
8580,26.928919,3.000000,331.337677
8581,26.932687,3.000000,331.337677
8582,26.935485,3.000000,331.337677
8583,26.938353,3.000000,332.008148
8584,26.941525,3.000000,332.008148
8585,26.944361,3.000000,332.008148
8586,26.947537,3.000000,332.008148
8587,26.950378,3.000000,332.008148
8588,26.953551,3.000000,332.008148
8589,26.956373,3.000000,332.008148
8590,26.959194,3.000000,332.008148
8591,26.962374,3.000000,332.008148
8592,26.965220,3.000000,332.008148
8593,26.968406,3.000000,332.008148
8594,26.971245,3.000000,332.008148
8595,26.974435,3.000000,332.008148
8596,26.977256,3.000000,332.008148
8597,26.980473,3.000000,332.008148
8598,26.983257,3.000000,332.008148
8599,26.986176,3.000000,332.008148
8600,26.989365,3.000000,332.008148
8601,26.992125,3.000000,332.008148
8602,26.995611,3.000000,332.008148
8603,26.998759,4.000000,332.008148
8604,27.002066,3.000000,332.008148
8605,27.005126,3.000000,332.008148
8606,27.008027,3.000000,332.008148
8607,27.011084,3.000000,332.008148
8608,27.013889,3.000000,332.008148
8609,27.017169,3.000000,332.008148
8610,27.019995,3.000000,332.008148
8611,27.023178,3.000000,332.008148
8612,27.026006,3.000000,332.008148
8613,27.029208,3.000000,332.008148
8614,27.032010,3.000000,332.008148
8615,27.034848,3.000000,332.008148
8616,27.038095,3.000000,332.008148
8617,27.040992,3.000000,332.008148
8618,27.044086,3.000000,332.008148
8619,27.046912,3.000000,332.008148
8620,27.050120,3.000000,332.008148
8621,27.052909,3.000000,332.008148
8622,27.055753,3.000000,332.008148
8623,27.058985,3.000000,332.008148
8624,27.062435,3.000000,332.008148
8625,27.065637,3.000000,332.008148
8626,27.068468,3.000000,332.008148
8627,27.071624,3.000000,332.008148
8628,27.074433,3.000000,332.008148
8629,27.077669,3.000000,332.008148
8630,27.080421,3.000000,332.008148
8631,27.083430,3.000000,332.008148
8632,27.086497,3.000000,332.008148
8633,27.089281,3.000000,332.008148
8634,27.092518,3.000000,332.008148
8635,27.095357,3.000000,332.008148
8636,27.098128,3.000000,332.008148
8637,27.101332,3.000000,332.008148
8638,27.104186,3.000000,332.008148
8639,27.107362,3.000000,332.008148
8640,27.110191,3.000000,332.008148
8641,27.113438,3.000000,332.008148
8642,27.116204,3.000000,332.008148
8643,27.119394,3.000000,332.008148
8644,27.122195,3.000000,332.008148
8645,27.126025,4.000000,332.008148
8646,27.128837,3.000000,332.008148
8647,27.131673,2.000000,332.008148
8648,27.134836,4.000000,332.008148
8649,27.137638,2.000000,332.008148
8650,27.140895,4.000000,332.008148
8651,27.143755,3.000000,332.008148
8652,27.146532,2.000000,332.008148
8653,27.149734,3.000000,332.008148
8654,27.152548,3.000000,332.008148
8655,27.155745,3.000000,332.008148
8656,27.158550,3.000000,332.008148
8657,27.161773,4.000000,332.008148
8658,27.164619,2.000000,332.008148
8659,27.167834,4.000000,332.008148
8660,27.170650,2.000000,332.008148
8661,27.173489,3.000000,332.008148
8662,27.176684,3.000000,332.008148
8663,27.179510,3.000000,332.008148
8664,27.182730,3.000000,332.008148
8665,27.185650,3.000000,332.008148
8666,27.189000,4.000000,332.008148
8667,27.192084,3.000000,332.008148
8668,27.195257,3.000000,332.008148
8669,27.198131,3.000000,332.008148
8670,27.200999,3.000000,332.008148
8671,27.204136,3.000000,332.008148
8672,27.207016,3.000000,332.008148
8673,27.210172,3.000000,332.008148
8674,27.212977,3.000000,332.008148
8675,27.216241,3.000000,332.008148
8676,27.219051,3.000000,332.008148
8677,27.221889,3.000000,332.008148
8678,27.225091,3.000000,332.008148
8679,27.227887,3.000000,332.008148
8680,27.231103,3.000000,332.008148
8681,27.233913,3.000000,332.008148
8682,27.237175,3.000000,332.008148
8683,27.239948,3.000000,332.008148
8684,27.242792,3.000000,332.008148
8685,27.246040,3.000000,332.008148
8686,27.248854,3.000000,332.008148
8687,27.252335,3.000000,332.008148
8688,27.255480,3.000000,332.008148
8689,27.258722,3.000000,332.008148
8690,27.261568,3.000000,332.008148
8691,27.264878,4.000000,332.008148
8692,27.267565,2.000000,332.008148
8693,27.270440,3.000000,332.008148
8694,27.273579,3.000000,332.008148
8695,27.276385,3.000000,332.008148
8696,27.279710,3.000000,332.008148
8697,27.282376,3.000000,332.008148
8698,27.285705,3.000000,332.008148
8699,27.288445,3.000000,332.008148
8700,27.291797,4.000000,332.008148
8701,27.294471,2.000000,332.008148
8702,27.297254,3.000000,332.008148
8703,27.300524,3.000000,332.008148
8704,27.303288,3.000000,332.008148
8705,27.306530,3.000000,332.008148
8706,27.309345,3.000000,332.008148
8707,27.312261,3.000000,332.008148
8708,27.315450,3.000000,332.008148
8709,27.320687,5.000000,332.008148
8710,27.323996,4.000000,332.008148
8711,27.327053,3.000000,332.008148
8712,27.329641,2.000000,332.008148
8713,27.332190,3.000000,332.008148
8714,27.335105,3.000000,332.008148
8715,27.337615,2.000000,332.008148
8716,27.340109,3.000000,332.008148
8717,27.343098,3.000000,332.008148
8718,27.345812,3.000000,332.008148
8719,27.349031,3.000000,332.008148
8720,27.351817,3.000000,332.008148
8721,27.354601,2.000000,332.008148
8722,27.357869,4.000000,332.008148
8723,27.360842,3.000000,332.008148
8724,27.363943,3.000000,332.008148
8725,27.366714,2.000000,332.008148
8726,27.369927,4.000000,332.008148
8727,27.372686,2.000000,332.008148
8728,27.375926,4.000000,332.008148
8729,27.378869,3.000000,332.008148
8730,27.382269,3.000000,332.008148
8731,27.385496,3.000000,332.008148
8732,27.388601,3.000000,332.008148
8733,27.391494,3.000000,332.008148
8734,27.394270,3.000000,332.008148
8735,27.397561,3.000000,332.008148
8736,27.400306,3.000000,332.008148
8737,27.403235,3.000000,332.008148
8738,27.407502,4.000000,332.008148
8739,27.411406,4.000000,332.008148
8740,27.415328,4.000000,332.008148
8741,27.419031,4.000000,332.008148
8742,27.421984,3.000000,332.008148
8743,27.424786,3.000000,332.008148
8744,27.427547,2.000000,332.008148
8745,27.430167,3.000000,332.008148
8746,27.432451,2.000000,332.008148
8747,27.434675,2.000000,332.008148
8748,27.437348,3.000000,332.008148
8749,27.440165,3.000000,330.677460
8750,27.442452,2.000000,330.677460
8751,27.445721,3.000000,330.677460
8752,27.448668,3.000000,330.677460
8753,27.451579,3.000000,330.677460
8754,27.454710,3.000000,330.677460
8755,27.457520,3.000000,330.677460
8756,27.460818,4.000000,330.677460
8757,27.463529,2.000000,330.677460
8758,27.466707,3.000000,330.677460
8759,27.469852,4.000000,330.677460
8760,27.473065,3.000000,330.677460
8761,27.475894,3.000000,330.677460
8762,27.478768,3.000000,330.677460
8763,27.481956,3.000000,330.677460
8764,27.484738,2.000000,330.677460
8765,27.487982,4.000000,330.677460
8766,27.490737,2.000000,330.677460
8767,27.493967,4.000000,330.677460
8768,27.496760,3.000000,330.677460
8769,27.499634,2.000000,330.677460
8770,27.502831,4.000000,330.677460
8771,27.505618,2.000000,330.677460
8772,27.508841,4.000000,330.677460
8773,27.512043,3.000000,330.677460
8774,27.515196,3.000000,330.677460
8775,27.518272,3.000000,330.677460
8776,27.521188,3.000000,330.677460
8777,27.524383,3.000000,330.677460
8778,27.527424,3.000000,330.677460
8779,27.530465,3.000000,330.677460
8780,27.533258,3.000000,330.677460
8781,27.536454,3.000000,330.677460
8782,27.539249,3.000000,330.677460
8783,27.542080,3.000000,330.677460
8784,27.545395,3.000000,330.677460
8785,27.548277,3.000000,330.677460
8786,27.551334,3.000000,330.677460
8787,27.554129,3.000000,330.677460
8788,27.557349,3.000000,330.677460
8789,27.560283,3.000000,330.677460
8790,27.562996,3.000000,330.677460
8791,27.566254,3.000000,330.677460
8792,27.569102,3.000000,330.677460
8793,27.572212,3.000000,330.677460
8794,27.575942,4.000000,330.677460
8795,27.578944,3.000000,330.677460
8796,27.581780,3.000000,330.677460
8797,27.584975,3.000000,330.677460
8798,27.587759,3.000000,330.677460
8799,27.591319,3.000000,330.677460
8800,27.593803,3.000000,330.677460
8801,27.596849,3.000000,330.677460
8802,27.599839,3.000000,330.677460
8803,27.602642,2.000000,330.677460
8804,27.605859,4.000000,330.677460
8805,27.608652,2.000000,330.677460
8806,27.611451,3.000000,330.677460
8807,27.614663,3.000000,330.677460
8808,27.617651,3.000000,330.677460
8809,27.620686,3.000000,330.677460
8810,27.623668,3.000000,330.677460
8811,27.627744,4.000000,330.677460
8812,27.630585,3.000000,330.677460
8813,27.633048,3.000000,330.677460
8814,27.635599,2.000000,330.677460
8815,27.638725,3.000000,330.677460
8816,27.642195,4.000000,330.677460
8817,27.645043,3.000000,330.677460
8818,27.648284,3.000000,330.677460
8819,27.651069,3.000000,330.677460
8820,27.654247,3.000000,330.677460
8821,27.657089,3.000000,330.677460
8822,27.659938,3.000000,330.677460
8823,27.663324,3.000000,330.677460
8824,27.666315,3.000000,330.677460
8825,27.669357,3.000000,330.677460
8826,27.672203,3.000000,330.677460
8827,27.675433,3.000000,330.677460
8828,27.678227,3.000000,330.677460
8829,27.681013,3.000000,330.677460
8830,27.684221,3.000000,330.677460
8831,27.687130,3.000000,330.677460
8832,27.690247,3.000000,330.677460
8833,27.693063,3.000000,330.677460
8834,27.696324,3.000000,330.677460
8835,27.699312,3.000000,330.677460
8836,27.701906,3.000000,330.677460
8837,27.705639,3.000000,330.677460
8838,27.708485,3.000000,330.677460
8839,27.711648,3.000000,330.677460
8840,27.714434,3.000000,330.677460
8841,27.717656,3.000000,330.677460
8842,27.720481,3.000000,330.677460
8843,27.723702,3.000000,330.677460
8844,27.726505,3.000000,330.677460
8845,27.729444,3.000000,330.677460
8846,27.732557,3.000000,330.677460
8847,27.735441,3.000000,330.677460
8848,27.738583,3.000000,330.677460
8849,27.741393,3.000000,330.677460
8850,27.744629,3.000000,330.677460
8851,27.747427,3.000000,330.677460
8852,27.750265,3.000000,330.677460
8853,27.753516,3.000000,330.677460
8854,27.756498,3.000000,330.677460
8855,27.759517,3.000000,330.677460
8856,27.762360,3.000000,330.677460
8857,27.765562,3.000000,330.677460
8858,27.769034,4.000000,330.677460
8859,27.772265,3.000000,330.677460
8860,27.775103,3.000000,330.677460
8861,27.777926,3.000000,330.677460
8862,27.781105,3.000000,330.677460
8863,27.783867,3.000000,330.677460
8864,27.787163,3.000000,330.677460
8865,27.789923,3.000000,330.677460
8866,27.793160,3.000000,330.677460
8867,27.796023,3.000000,330.677460
8868,27.798870,3.000000,330.677460
8869,27.802104,3.000000,330.677460
8870,27.804881,3.000000,330.677460
8871,27.808184,3.000000,330.677460
8872,27.810886,3.000000,330.677460
8873,27.814086,3.000000,330.677460
8874,27.816959,3.000000,330.677460
8875,27.819752,3.000000,330.677460
8876,27.822956,3.000000,330.677460
8877,27.825956,3.000000,330.677460
8878,27.828984,3.000000,330.677460
8879,27.832049,3.000000,330.677460
8880,27.835597,3.000000,330.677460
8881,27.838417,3.000000,330.677460
8882,27.841339,3.000000,330.677460
8883,27.844536,3.000000,330.677460
8884,27.847236,3.000000,330.677460
8885,27.850489,3.000000,330.677460
8886,27.853248,3.000000,330.677460
8887,27.856509,3.000000,330.677460
8888,27.859319,3.000000,330.677460
8889,27.862492,3.000000,330.677460
8890,27.865353,3.000000,330.677460
8891,27.868219,3.000000,330.677460
8892,27.871423,3.000000,330.677460
8893,27.874265,3.000000,330.677460
8894,27.877422,3.000000,330.677460
8895,27.880342,3.000000,330.677460
8896,27.883430,3.000000,330.677460
8897,27.886265,3.000000,330.677460
8898,27.889107,3.000000,330.677460
8899,27.892306,3.000000,330.677460
8900,27.895236,3.000000,330.677460
8901,27.898814,4.000000,330.677460
8902,27.901643,2.000000,330.677460
8903,27.904821,4.000000,330.677460
8904,27.907658,2.000000,330.677460
8905,27.910908,4.000000,330.677460
8906,27.913680,2.000000,330.677460
8907,27.916504,3.000000,330.677460
8908,27.919708,3.000000,330.677460
8909,27.922512,3.000000,330.677460
8910,27.925750,4.000000,330.677460
8911,27.928516,2.000000,330.677460
8912,27.931724,3.000000,330.677460
8913,27.934526,3.000000,330.677460
8914,27.937400,3.000000,330.677460
8915,27.940738,3.000000,330.677460
8916,27.943371,3.000000,332.008240
8917,27.946677,3.000000,332.008240
8918,27.949430,3.000000,332.008240
8919,27.952660,3.000000,332.008240
8920,27.955462,3.000000,332.008240
8921,27.958263,3.000000,332.008240
8922,27.962213,4.000000,332.008240
8923,27.964971,3.000000,332.008240
8924,27.968242,3.000000,332.008240
8925,27.971017,3.000000,332.008240
8926,27.974283,3.000000,332.008240
8927,27.977642,3.000000,332.008240
8928,27.981885,5.000000,332.008240
8929,27.984240,2.000000,332.008240
8930,27.986593,2.000000,332.008240
8931,27.989669,3.000000,332.008240
8932,27.992114,3.000000,332.008240
8933,27.995180,3.000000,332.008240
8934,27.997997,3.000000,332.008240
8935,28.000824,3.000000,332.008240
8936,28.004332,3.000000,332.008240
8937,28.007032,3.000000,332.008240
8938,28.010248,3.000000,332.008240
8939,28.013046,3.000000,332.008240
8940,28.016248,3.000000,332.008240
8941,28.019107,3.000000,332.008240
8942,28.022267,3.000000,332.008240
8943,28.025358,3.000000,332.008240
8944,28.028573,3.000000,332.008240
8945,28.031661,3.000000,332.008240
8946,28.034874,4.000000,332.008240
8947,28.038111,3.000000,332.008240
8948,28.041137,3.000000,332.008240
8949,28.044270,3.000000,332.008240
8950,28.047128,3.000000,332.008240
8951,28.049952,3.000000,332.008240
8952,28.053121,3.000000,332.008240
8953,28.055928,3.000000,332.008240
8954,28.059232,3.000000,332.008240
8955,28.062161,3.000000,332.008240
8956,28.065206,3.000000,332.008240
8957,28.068025,3.000000,332.008240
8958,28.071224,3.000000,332.008240
8959,28.074031,3.000000,332.008240
8960,28.076851,3.000000,332.008240
8961,28.080121,3.000000,332.008240
8962,28.082965,3.000000,332.008240
8963,28.086413,3.000000,332.008240
8964,28.088977,3.000000,332.008240
8965,28.092627,3.000000,332.008240
8966,28.095471,3.000000,332.008240
8967,28.098652,3.000000,332.008240
8968,28.101453,3.000000,332.008240
8969,28.104304,3.000000,332.008240
8970,28.107518,3.000000,332.008240
8971,28.110335,3.000000,332.008240
8972,28.113523,3.000000,332.008240
8973,28.116328,3.000000,332.008240
8974,28.119568,3.000000,332.008240
8975,28.122363,3.000000,332.008240
8976,28.125195,3.000000,332.008240
8977,28.128494,3.000000,332.008240
8978,28.131345,3.000000,332.008240
8979,28.134513,3.000000,332.008240
8980,28.137339,3.000000,332.008240
8981,28.140538,3.000000,332.008240
8982,28.143326,3.000000,332.008240
8983,28.146202,3.000000,332.008240
8984,28.149397,3.000000,332.008240
8985,28.152365,3.000000,332.008240
8986,28.155910,4.000000,332.008240
8987,28.158777,3.000000,332.008240
8988,28.162006,3.000000,332.008240
8989,28.164756,3.000000,332.008240
8990,28.168031,3.000000,332.008240
8991,28.170991,3.000000,332.008240
8992,28.173671,2.000000,332.008240
8993,28.176865,4.000000,332.008240
8994,28.179685,2.000000,332.008240
8995,28.182952,4.000000,332.008240
8996,28.185660,2.000000,332.008240
8997,28.188495,3.000000,332.008240
8998,28.191694,3.000000,332.008240
8999,28.194529,3.000000,332.008240
9000,28.197739,4.000000,332.008240
9001,28.200546,2.000000,332.008240
9002,28.203770,4.000000,332.008240
9003,28.206578,2.000000,332.008240
9004,28.209809,4.000000,332.008240
9005,28.212610,2.000000,332.008240
9006,28.215449,3.000000,332.008240
9007,28.218928,4.000000,332.008240
9008,28.222217,3.000000,332.008240
9009,28.225299,3.000000,332.008240
9010,28.228208,3.000000,332.008240
9011,28.231352,3.000000,332.008240
9012,28.234169,3.000000,332.008240
9013,28.236969,3.000000,332.008240
9014,28.240187,3.000000,332.008240
9015,28.243007,3.000000,332.008240
9016,28.246235,3.000000,332.008240
9017,28.249046,3.000000,332.008240
9018,28.252275,3.000000,332.008240
9019,28.255146,3.000000,332.008240
9020,28.258426,3.000000,332.008240
9021,28.261184,3.000000,332.008240
9022,28.263936,3.000000,332.008240
9023,28.267120,3.000000,332.008240
9024,28.270227,3.000000,332.008240
9025,28.273162,3.000000,332.008240
9026,28.275961,3.000000,332.008240
9027,28.279161,3.000000,332.008240
9028,28.281998,3.000000,332.008240
9029,28.285421,3.000000,332.008240
9030,28.288642,3.000000,332.008240
9031,28.291433,3.000000,332.008240
9032,28.294669,3.000000,332.008240
9033,28.297480,3.000000,332.008240
9034,28.300727,3.000000,332.008240
9035,28.303534,3.000000,332.008240
9036,28.306742,3.000000,332.008240
9037,28.309558,3.000000,332.008240
9038,28.312379,3.000000,332.008240
9039,28.315706,3.000000,332.008240
9040,28.318400,3.000000,332.008240
9041,28.321614,3.000000,332.008240
9042,28.324451,3.000000,332.008240
9043,28.327263,3.000000,332.008240
9044,28.330504,3.000000,332.008240
9045,28.333375,3.000000,332.008240
9046,28.336534,3.000000,332.008240
9047,28.339333,3.000000,332.008240
9048,28.342580,3.000000,332.008240
9049,28.345388,3.000000,332.008240
9050,28.348836,4.000000,332.008240
9051,28.351907,3.000000,332.008240
9052,28.354863,3.000000,332.008240
9053,28.357662,2.000000,332.008240
9054,28.360641,3.000000,332.008240
9055,28.363740,3.000000,332.008240
9056,28.366492,3.000000,332.008240
9057,28.369343,3.000000,332.008240
9058,28.372676,3.000000,332.008240
9059,28.375533,3.000000,332.008240
9060,28.378715,3.000000,332.008240
9061,28.381780,3.000000,332.008240
9062,28.384743,3.000000,332.008240
9063,28.387518,3.000000,332.008240
9064,28.390702,3.000000,332.008240
9065,28.393614,3.000000,332.008240
9066,28.396402,3.000000,332.008240
9067,28.399657,3.000000,332.008240
9068,28.402537,3.000000,332.008240
9069,28.405700,3.000000,332.008240
9070,28.408554,3.000000,332.008240
9071,28.412039,4.000000,332.008240
9072,28.415078,3.000000,332.008240
9073,28.418340,3.000000,332.008240
9074,28.421172,3.000000,332.008240
9075,28.423996,3.000000,332.008240
9076,28.427210,3.000000,332.008240
9077,28.430238,3.000000,332.008240
9078,28.433238,3.000000,332.008240
9079,28.436054,3.000000,332.008240
9080,28.439246,3.000000,332.008240
9081,28.442074,3.000000,332.008240
9082,28.444941,3.000000,330.677551
9083,28.448125,3.000000,330.677551
9084,28.451073,3.000000,330.677551
9085,28.454177,3.000000,330.677551
9086,28.456970,3.000000,330.677551
9087,28.460211,3.000000,330.677551
9088,28.462986,3.000000,330.677551
9089,28.465807,3.000000,330.677551
9090,28.469054,3.000000,330.677551
9091,28.471941,3.000000,330.677551
9092,28.475080,3.000000,330.677551
9093,28.478741,3.000000,330.677551
9094,28.481652,3.000000,330.677551
9095,28.484428,3.000000,330.677551
9096,28.487752,4.000000,330.677551
9097,28.490535,2.000000,330.677551
9098,28.493707,3.000000,330.677551
9099,28.496540,3.000000,330.677551
9100,28.499559,3.000000,330.677551
9101,28.502572,3.000000,330.677551
9102,28.505403,3.000000,330.677551
9103,28.508608,3.000000,330.677551
9104,28.511397,3.000000,330.677551
9105,28.514629,3.000000,330.677551
9106,28.517474,3.000000,330.677551
9107,28.520454,3.000000,330.677551
9108,28.523483,3.000000,330.677551
9109,28.526280,3.000000,330.677551
9110,28.529493,3.000000,330.677551
9111,28.532355,3.000000,330.677551
9112,28.535155,3.000000,330.677551
9113,28.538338,3.000000,330.677551
9114,28.541850,4.000000,330.677551
9115,28.545021,3.000000,330.677551
9116,28.548100,3.000000,330.677551
9117,28.551248,3.000000,330.677551
9118,28.554057,3.000000,330.677551
9119,28.557233,3.000000,330.677551
9120,28.560074,3.000000,330.677551
9121,28.562895,3.000000,330.677551
9122,28.566163,3.000000,330.677551
9123,28.569107,3.000000,330.677551
9124,28.572159,3.000000,330.677551
9125,28.574971,3.000000,330.677551
9126,28.578213,3.000000,330.677551
9127,28.581004,3.000000,330.677551
9128,28.583824,3.000000,330.677551
9129,28.586973,3.000000,330.677551
9130,28.589898,3.000000,330.677551
9131,28.593088,3.000000,330.677551
9132,28.595861,3.000000,330.677551
9133,28.599111,3.000000,330.677551
9134,28.601881,3.000000,330.677551
9135,28.605055,3.000000,330.677551
9136,28.608488,3.000000,330.677551
9137,28.611676,3.000000,330.677551
9138,28.614610,3.000000,330.677551
9139,28.617426,3.000000,330.677551
9140,28.620573,3.000000,330.677551
9141,28.623380,3.000000,330.677551
9142,28.626577,3.000000,330.677551
9143,28.629400,3.000000,330.677551
9144,28.632231,3.000000,330.677551
9145,28.635416,3.000000,330.677551
9146,28.638338,3.000000,330.677551
9147,28.641481,3.000000,330.677551
9148,28.644317,3.000000,330.677551
9149,28.647593,3.000000,330.677551
9150,28.650411,3.000000,330.677551
9151,28.653622,3.000000,330.677551
9152,28.656406,3.000000,330.677551
9153,28.659403,3.000000,330.677551
9154,28.662493,3.000000,330.677551
9155,28.665252,3.000000,330.677551
9156,28.668515,3.000000,330.677551
9157,28.671869,4.000000,330.677551
9158,28.675033,3.000000,330.677551
9159,28.677857,3.000000,330.677551
9160,28.680702,2.000000,330.677551
9161,28.683870,4.000000,330.677551
9162,28.686744,2.000000,330.677551
9163,28.689985,4.000000,330.677551
9164,28.692783,3.000000,330.677551
9165,28.695590,2.000000,330.677551
9166,28.698770,4.000000,330.677551
9167,28.701584,2.000000,330.677551
9168,28.704780,4.000000,330.677551
9169,28.707639,2.000000,330.677551
9170,28.710855,4.000000,330.677551
9171,28.713712,2.000000,330.677551
9172,28.716855,4.000000,330.677551
9173,28.719661,2.000000,330.677551
9174,28.722870,4.000000,330.677551
9175,28.725678,2.000000,330.677551
9176,28.728542,3.000000,330.677551
9177,28.731691,3.000000,330.677551
9178,28.735150,4.000000,330.677551
9179,28.738390,3.000000,330.677551
9180,28.741216,3.000000,330.677551
9181,28.744336,3.000000,330.677551
9182,28.747195,3.000000,330.677551
9183,28.750021,3.000000,330.677551
9184,28.753251,3.000000,330.677551
9185,28.756035,3.000000,330.677551
9186,28.759268,3.000000,330.677551
9187,28.762058,3.000000,330.677551
9188,28.765280,3.000000,330.677551
9189,28.768126,3.000000,330.677551
9190,28.770975,3.000000,330.677551
9191,28.774189,3.000000,330.677551
9192,28.776976,3.000000,330.677551
9193,28.780220,3.000000,330.677551
9194,28.783104,3.000000,330.677551
9195,28.786192,3.000000,330.677551
9196,28.788986,3.000000,330.677551
9197,28.791798,3.000000,330.677551
9198,28.795037,3.000000,330.677551
9199,28.798591,3.000000,330.677551
9200,28.801369,3.000000,330.677551
9201,28.804137,3.000000,330.677551
9202,28.807403,3.000000,330.677551
9203,28.810184,3.000000,330.677551
9204,28.813016,3.000000,330.677551
9205,28.816237,3.000000,330.677551
9206,28.819158,3.000000,330.677551
9207,28.822464,3.000000,330.677551
9208,28.825284,3.000000,330.677551
9209,28.828709,3.000000,330.677551
9210,28.831337,3.000000,330.677551
9211,28.834207,3.000000,330.677551
9212,28.837371,3.000000,330.677551
9213,28.840231,3.000000,330.677551
9214,28.843462,3.000000,330.677551
9215,28.846213,3.000000,330.677551
9216,28.849465,3.000000,330.677551
9217,28.852228,3.000000,330.677551
9218,28.855505,3.000000,330.677551
9219,28.858255,3.000000,330.677551
9220,28.861485,3.000000,330.677551
9221,28.864974,4.000000,330.677551
9222,28.867741,3.000000,330.677551
9223,28.870937,3.000000,330.677551
9224,28.873730,2.000000,330.677551
9225,28.876897,4.000000,330.677551
9226,28.879819,3.000000,330.677551
9227,28.882980,3.000000,330.677551
9228,28.885813,3.000000,330.677551
9229,28.888657,2.000000,330.677551
9230,28.891769,4.000000,330.677551
9231,28.894795,3.000000,330.677551
9232,28.897832,3.000000,330.677551
9233,28.900627,2.000000,330.677551
9234,28.903859,4.000000,330.677551
9235,28.907088,3.000000,330.677551
9236,28.909766,2.000000,330.677551
9237,28.912755,3.000000,330.677551
9238,28.915518,3.000000,330.677551
9239,28.918760,4.000000,330.677551
9240,28.921560,2.000000,330.677551
9241,28.924364,3.000000,330.677551
9242,28.928197,4.000000,330.677551
9243,28.930904,3.000000,330.677551
9244,28.934143,3.000000,330.677551
9245,28.937094,3.000000,330.677551
9246,28.940302,3.000000,330.677551
9247,28.942939,3.000000,330.677551
9248,28.946135,3.000000,331.337463
9249,28.948949,3.000000,331.337463
9250,28.952187,3.000000,331.337463
9251,28.954947,3.000000,331.337463
9252,28.958014,3.000000,331.337463
9253,28.961010,3.000000,331.337463
9254,28.963751,3.000000,331.337463
9255,28.967049,3.000000,331.337463
9256,28.969829,3.000000,331.337463
9257,28.972695,2.000000,331.337463
9258,28.975942,4.000000,331.337463
9259,28.978764,3.000000,331.337463
9260,28.981967,3.000000,331.337463
9261,28.984829,3.000000,331.337463
9262,28.987990,3.000000,331.337463
9263,28.991394,3.000000,331.337463
9264,28.994598,3.000000,331.337463
9265,28.997398,3.000000,331.337463
9266,29.000298,3.000000,331.337463
9267,29.003445,3.000000,331.337463
9268,29.006295,3.000000,331.337463
9269,29.009487,3.000000,331.337463
9270,29.012298,3.000000,331.337463
9271,29.015611,3.000000,331.337463
9272,29.018369,3.000000,331.337463
9273,29.021226,3.000000,331.337463
9274,29.024383,3.000000,331.337463
9275,29.027380,3.000000,331.337463
9276,29.030596,3.000000,331.337463
9277,29.033224,3.000000,331.337463
9278,29.036405,3.000000,331.337463
9279,29.039214,3.000000,331.337463
9280,29.042434,3.000000,331.337463
9281,29.045230,3.000000,331.337463
9282,29.048381,3.000000,331.337463
9283,29.051289,3.000000,331.337463
9284,29.054779,4.000000,331.337463
9285,29.058020,3.000000,331.337463
9286,29.060787,3.000000,331.337463
9287,29.064020,3.000000,331.337463
9288,29.066840,3.000000,331.337463
9289,29.069688,2.000000,331.337463
9290,29.072928,4.000000,331.337463
9291,29.076042,3.000000,331.337463
9292,29.078924,3.000000,331.337463
9293,29.081737,2.000000,331.337463
9294,29.084904,4.000000,331.337463
9295,29.087723,2.000000,331.337463
9296,29.090885,4.000000,331.337463
9297,29.093746,3.000000,331.337463
9298,29.096796,3.000000,331.337463
9299,29.099774,3.000000,331.337463
9300,29.102609,2.000000,331.337463
9301,29.105799,4.000000,331.337463
9302,29.108589,2.000000,331.337463
9303,29.111466,3.000000,331.337463
9304,29.114853,4.000000,331.337463
9305,29.117916,3.000000,331.337463
9306,29.121361,3.000000,331.337463
9307,29.124116,3.000000,331.337463
9308,29.127675,3.000000,331.337463
9309,29.130435,3.000000,331.337463
9310,29.133604,3.000000,331.337463
9311,29.136393,3.000000,331.337463
9312,29.139569,3.000000,331.337463
9313,29.142638,3.000000,331.337463
9314,29.145484,3.000000,331.337463
9315,29.148646,3.000000,331.337463
9316,29.151485,3.000000,331.337463
9317,29.154678,3.000000,331.337463
9318,29.157485,3.000000,331.337463
9319,29.160304,3.000000,331.337463
9320,29.163494,3.000000,331.337463
9321,29.166337,3.000000,331.337463
9322,29.169528,3.000000,331.337463
9323,29.172426,3.000000,331.337463
9324,29.175607,3.000000,331.337463
9325,29.178372,3.000000,331.337463
9326,29.181184,3.000000,331.337463
9327,29.184902,4.000000,331.337463
9328,29.187864,3.000000,331.337463
9329,29.190939,3.000000,331.337463
9330,29.193830,3.000000,331.337463
9331,29.196955,3.000000,331.337463
9332,29.199752,3.000000,331.337463
9333,29.202952,3.000000,331.337463
9334,29.205836,3.000000,331.337463
9335,29.208609,2.000000,331.337463
9336,29.211840,4.000000,331.337463
9337,29.214839,2.000000,331.337463
9338,29.217879,4.000000,331.337463
9339,29.220733,2.000000,331.337463
9340,29.223917,4.000000,331.337463
9341,29.226679,2.000000,331.337463
9342,29.229505,3.000000,331.337463
9343,29.232741,4.000000,331.337463
9344,29.235746,2.000000,331.337463
9345,29.238805,4.000000,331.337463
9346,29.241608,2.000000,331.337463
9347,29.244406,3.000000,331.337463
9348,29.248272,4.000000,331.337463
9349,29.251223,3.000000,331.337463
9350,29.254338,3.000000,331.337463
9351,29.258010,4.000000,331.337463
9352,29.260627,2.000000,331.337463
9353,29.263005,3.000000,331.337463
9354,29.266277,3.000000,331.337463
9355,29.269196,3.000000,331.337463
9356,29.272283,3.000000,331.337463
9357,29.275057,3.000000,331.337463
9358,29.277916,3.000000,331.337463
9359,29.281090,3.000000,331.337463
9360,29.284168,3.000000,331.337463
9361,29.287155,3.000000,331.337463
9362,29.289943,3.000000,331.337463
9363,29.293157,3.000000,331.337463
9364,29.295997,3.000000,331.337463
9365,29.298913,3.000000,331.337463
9366,29.301987,3.000000,331.337463
9367,29.304783,3.000000,331.337463
9368,29.308017,3.000000,331.337463
9369,29.311143,3.000000,331.337463
9370,29.314758,4.000000,331.337463
9371,29.317587,2.000000,331.337463
9372,29.320796,3.000000,331.337463
9373,29.323678,3.000000,331.337463
9374,29.326377,3.000000,331.337463
9375,29.329579,3.000000,331.337463
9376,29.332519,3.000000,331.337463
9377,29.335619,3.000000,331.337463
9378,29.338419,3.000000,331.337463
9379,29.341217,3.000000,331.337463
9380,29.344393,3.000000,331.337463
9381,29.347276,3.000000,331.337463
9382,29.350460,3.000000,331.337463
9383,29.353273,3.000000,331.337463
9384,29.356513,3.000000,331.337463
9385,29.359258,3.000000,331.337463
9386,29.362172,3.000000,331.337463
9387,29.365382,3.000000,331.337463
9388,29.368194,3.000000,331.337463
9389,29.371355,3.000000,331.337463
9390,29.374210,3.000000,331.337463
9391,29.378019,4.000000,331.337463
9392,29.380769,3.000000,331.337463
9393,29.383971,3.000000,331.337463
9394,29.386817,3.000000,331.337463
9395,29.390035,3.000000,331.337463
9396,29.392897,3.000000,331.337463
9397,29.395731,2.000000,331.337463
9398,29.399207,4.000000,331.337463
9399,29.402019,3.000000,331.337463
9400,29.405251,3.000000,331.337463
9401,29.408037,3.000000,331.337463
9402,29.411281,3.000000,331.337463
9403,29.414071,3.000000,331.337463
9404,29.416918,3.000000,331.337463
9405,29.420145,3.000000,331.337463
9406,29.422994,3.000000,331.337463
9407,29.426263,3.000000,331.337463
9408,29.429188,3.000000,331.337463
9409,29.432144,3.000000,331.337463
9410,29.435030,3.000000,331.337463
9411,29.438388,3.000000,331.337463
9412,29.441637,3.000000,331.337463
9413,29.444486,3.000000,331.337463
9414,29.447648,3.000000,331.337524
9415,29.450470,3.000000,331.337524
9416,29.453712,3.000000,331.337524
9417,29.456508,3.000000,331.337524
9418,29.459754,4.000000,331.337524
9419,29.462557,2.000000,331.337524
9420,29.465428,3.000000,331.337524
9421,29.468643,3.000000,331.337524
9422,29.471428,3.000000,331.337524
9423,29.474630,3.000000,331.337524
9424,29.477431,3.000000,331.337524
9425,29.480668,3.000000,331.337524
9426,29.483496,3.000000,331.337524
9427,29.486294,3.000000,331.337524
9428,29.489530,3.000000,331.337524
9429,29.492406,3.000000,331.337524
9430,29.495525,3.000000,331.337524
9431,29.498392,3.000000,331.337524
9432,29.501627,3.000000,331.337524
9433,29.504667,3.000000,331.337524
9434,29.508300,4.000000,331.337524
9435,29.511074,3.000000,331.337524
9436,29.513923,3.000000,331.337524
9437,29.517194,3.000000,331.337524
9438,29.519912,3.000000,331.337524
9439,29.523120,3.000000,331.337524
9440,29.525942,3.000000,331.337524
9441,29.529158,3.000000,331.337524
9442,29.531999,3.000000,331.337524
9443,29.535142,3.000000,331.337524
9444,29.538177,3.000000,331.337524
9445,29.540847,3.000000,331.337524
9446,29.544070,3.000000,331.337524
9447,29.546861,3.000000,331.337524
9448,29.550087,3.000000,331.337524
9449,29.552867,3.000000,331.337524
9450,29.555774,2.000000,331.337524
9451,29.558934,4.000000,331.337524
9452,29.561760,2.000000,331.337524
9453,29.564980,4.000000,331.337524
9454,29.567740,3.000000,331.337524
9455,29.571535,3.000000,331.337524
9456,29.574324,3.000000,331.337524
9457,29.577178,3.000000,331.337524
9458,29.580521,3.000000,331.337524
9459,29.583275,3.000000,331.337524
9460,29.586480,3.000000,331.337524
9461,29.589293,3.000000,331.337524
9462,29.592489,3.000000,331.337524
9463,29.595332,3.000000,331.337524
9464,29.598510,3.000000,331.337524
9465,29.601322,3.000000,331.337524
9466,29.604197,3.000000,331.337524
9467,29.607408,3.000000,331.337524
9468,29.610303,3.000000,331.337524
9469,29.613416,3.000000,331.337524
9470,29.616286,3.000000,331.337524
9471,29.619566,3.000000,331.337524
9472,29.622274,3.000000,331.337524
9473,29.625078,3.000000,331.337524
9474,29.628374,3.000000,331.337524
9475,29.631156,3.000000,331.337524
9476,29.634849,4.000000,331.337524
9477,29.637662,2.000000,331.337524
9478,29.641006,4.000000,331.337524
9479,29.643885,3.000000,331.337524
9480,29.647076,3.000000,331.337524
9481,29.649869,3.000000,331.337524
9482,29.652731,2.000000,331.337524
9483,29.655959,4.000000,331.337524
9484,29.658755,3.000000,331.337524
9485,29.661943,3.000000,331.337524
9486,29.664756,3.000000,331.337524
9487,29.668031,3.000000,331.337524
9488,29.670775,3.000000,331.337524
9489,29.673630,2.000000,331.337524
9490,29.676823,4.000000,331.337524
9491,29.679622,2.000000,331.337524
9492,29.682849,4.000000,331.337524
9493,29.685669,2.000000,331.337524
9494,29.688823,4.000000,331.337524
9495,29.691662,2.000000,331.337524
9496,29.694507,3.000000,331.337524
9497,29.698043,4.000000,331.337524
9498,29.701166,3.000000,331.337524
9499,29.704381,3.000000,331.337524
9500,29.707211,3.000000,331.337524
9501,29.710392,3.000000,331.337524
9502,29.713200,3.000000,331.337524
9503,29.716015,3.000000,331.337524
9504,29.719234,3.000000,331.337524
9505,29.722114,3.000000,331.337524
9506,29.725294,3.000000,331.337524
9507,29.728152,3.000000,331.337524
9508,29.731299,3.000000,331.337524
9509,29.734124,3.000000,331.337524
9510,29.737371,3.000000,331.337524
9511,29.740184,3.000000,331.337524
9512,29.742979,3.000000,331.337524
9513,29.746225,3.000000,331.337524
9514,29.748998,3.000000,331.337524
9515,29.752336,3.000000,331.337524
9516,29.755090,3.000000,331.337524
9517,29.757928,3.000000,331.337524
9518,29.761054,3.000000,331.337524
9519,29.764453,3.000000,331.337524
9520,29.767647,3.000000,331.337524
9521,29.770506,3.000000,331.337524
9522,29.773709,3.000000,331.337524
9523,29.776506,3.000000,331.337524
9524,29.779817,4.000000,331.337524
9525,29.782529,2.000000,331.337524
9526,29.785737,3.000000,331.337524
9527,29.788548,3.000000,331.337524
9528,29.791439,3.000000,331.337524
9529,29.794585,3.000000,331.337524
9530,29.797510,3.000000,331.337524
9531,29.800680,3.000000,331.337524
9532,29.803474,3.000000,331.337524
9533,29.806649,3.000000,331.337524
9534,29.809514,3.000000,331.337524
9535,29.812336,3.000000,331.337524
9536,29.815494,3.000000,331.337524
9537,29.818316,3.000000,331.337524
9538,29.821562,3.000000,331.337524
9539,29.824321,3.000000,331.337524
9540,29.828226,4.000000,331.337524
9541,29.830952,3.000000,331.337524
9542,29.834165,3.000000,331.337524
9543,29.836986,3.000000,331.337524
9544,29.839886,3.000000,331.337524
9545,29.843167,3.000000,331.337524
9546,29.845829,3.000000,331.337524
9547,29.849076,3.000000,331.337524
9548,29.851890,3.000000,331.337524
9549,29.855097,3.000000,331.337524
9550,29.857892,3.000000,331.337524
9551,29.860767,3.000000,331.337524
9552,29.864016,3.000000,331.337524
9553,29.866721,2.000000,331.337524
9554,29.870002,4.000000,331.337524
9555,29.872748,3.000000,331.337524
9556,29.875586,2.000000,331.337524
9557,29.878801,4.000000,331.337524
9558,29.881668,2.000000,331.337524
9559,29.884816,4.000000,331.337524
9560,29.887641,2.000000,331.337524
9561,29.891366,4.000000,331.337524
9562,29.894196,3.000000,331.337524
9563,29.897405,3.000000,331.337524
9564,29.900187,3.000000,331.337524
9565,29.903378,3.000000,331.337524
9566,29.906212,3.000000,331.337524
9567,29.909089,3.000000,331.337524
9568,29.912214,3.000000,331.337524
9569,29.915018,3.000000,331.337524
9570,29.918243,3.000000,331.337524
9571,29.921220,3.000000,331.337524
9572,29.923890,3.000000,331.337524
9573,29.927182,3.000000,331.337524
9574,29.930122,3.000000,331.337524
9575,29.933130,3.000000,331.337524
9576,29.935939,3.000000,331.337524
9577,29.939150,3.000000,331.337524
9578,29.941953,3.000000,331.337524
9579,29.945171,3.000000,331.337524
9580,29.948045,3.000000,331.337616
9581,29.950990,3.000000,331.337616
9582,29.954309,3.000000,331.337616
9583,29.957517,3.000000,331.337616
9584,29.960715,3.000000,331.337616
9585,29.963485,3.000000,331.337616
9586,29.966737,3.000000,331.337616
9587,29.969516,3.000000,331.337616
9588,29.972408,3.000000,331.337616
9589,29.975574,3.000000,331.337616
9590,29.978430,3.000000,331.337616
9591,29.981580,3.000000,331.337616
9592,29.984403,3.000000,331.337616
9593,29.987583,3.000000,331.337616
9594,29.990432,3.000000,331.337616
9595,29.993259,3.000000,331.337616
9596,29.996439,3.000000,331.337616
9597,29.999761,3.000000,331.337616
